,address,dock_bikes,free_bases,id,light,name,number,total_bases,code_district,longitude,latitude,coordinates
0,"Avenida del Ensanche de Vallecas, 9,",10,17,2190,2,"453 - Avenida del Ensanche de Vallecas, 9",453,27,18,-3.61253028,40.37043968,"(-3.61253028, 40.37043968)"
1,"Paseo de la Chopera,33,Comunidad de Madrid España",16,7,2205,2,"267 - Paseo de la Chopera, 33",267,23,02,-3.7003996647238746,40.39500000000003,"(-3.7003996647238746, 40.39500000000003)"
2,"Paseo de la Castellana nº 164,Comunidad de Madrid España",8,15,2225,2,157 - Castellana 164.,157,23,05,-3.6894151,40.4591366,"(-3.6894151, 40.4591366)"
3,"Guetaria , 84b,",12,12,2226,2,395b - 395 - Guetaria  84b,395b,24,12,-3.71569102,40.36916772,"(-3.71569102, 40.36916772)"
4,"Calle de Gloria Fuertes, 181,",6,21,2151,0,"592 - Calle de Gloria Fuertes, 181",592,27,08,-3.7249527,40.4956969,"(-3.7249527, 40.4956969)"
5,"Calle del Pinzon, 1A,",3,21,2152,0,"376 - Calle del Pinzon, 1A",376,24,11,-3.7405438,40.39229225,"(-3.7405438, 40.39229225)"
6,"Av Abrantes, 55,",8,10,2153,2,"377 - Av Abrantes, 55",377,18,11,-3.72783615,40.38091762,"(-3.72783615, 40.38091762)"
7,"Calle de Mota del Cuervo, 70,",8,16,2154,2,"539 - Calle de Mota del Cuervo, 70",539,24,16,-3.63135715,40.4648762,"(-3.63135715, 40.4648762)"
8,"Calle Seseña, 93,",16,8,2155,2,"334 - Seseña, 93",334,24,10,-3.76815631,40.39497294,"(-3.76815631, 40.39497294)"
9,"Calle Cardaño, 10,",10,14,2156,2,"335 - Calle Cardaño, 10",335,24,10,-3.77057541,40.39659757,"(-3.77057541, 40.39659757)"
10,"Calle Troya, 11,",6,18,2157,0,"519 - Calle Troya, 11",519,24,20,-3.61191521,40.43699597,"(-3.61191521, 40.43699597)"
11,"Calle Eugenia de Montijo, 83,",10,14,2158,2,"378 - Eugenia de Montijo, 83",378,24,11,-3.7509733,40.37562288,"(-3.7509733, 40.37562288)"
12,"Calle Antonia Rodriguez Sacristan, 4,",10,14,2159,2,"379 - Antonia Rodriguez Sacristan, 4",379,24,11,-3.74765739,40.37313777,"(-3.74765739, 40.37313777)"
13,"Calle Caleruega, 18,",3,21,2160,0,"495 - Calle Caleruega, 18",495,24,15,-3.670588,40.478746,"(-3.670588, 40.478746)"
14,"Calle Islas Cies, 27,",8,16,2161,2,"593 - Islas Cies, 27",593,24,08,-3.71869067,40.48027409,"(-3.71869067, 40.48027409)"
15,"Calle Pedro Rico, 49,",12,12,2162,2,"594 - Calle Pedro Rico, 49",594,24,08,-3.703918,40.48194,"(-3.703918, 40.48194)"
16,"Avenida de Betanzos, 68,",9,15,2163,2,"595 - Avenida de Betanzos, 68",595,24,08,-3.7132206,40.48178815,"(-3.7132206, 40.48178815)"
17,"Calle Ramon Gomez de la Serna, 37,",12,12,2164,2,"596 - Ramon Gomez de la Serna, 37",596,24,08,-3.72382554,40.48432751,"(-3.72382554, 40.48432751)"
18,"Calle de Dulce Chacon, sn,",0,24,2165,0,"540 - Calle de Dulce Chacon, sn",540,24,16,-3.6636484,40.4845596,"(-3.6636484, 40.4845596)"
19,"Calle Oliva de Plasencia, 1,",18,6,2166,1,"336 - Calle Oliva de Plasencia, 1",336,24,10,-3.77915183,40.37850071,"(-3.77915183, 40.37850071)"
20,"Calle Valmojado, 295,",7,11,2167,2,"337 - Calle Valmojado, 295",337,18,10,-3.76048923,40.38614104,"(-3.76048923, 40.38614104)"
21,"Calle Guareña, 13,",4,14,2168,0,"338 - Calle Guareña, 13",338,18,10,-3.7653391035306005,40.386362337060476,"(-3.7653391035306005, 40.386362337060476)"
22,"Avenida de las Aguilas , 110,",7,17,2169,0,"339 - Avenida de las Aguilas , 110",339,24,10,-3.78061952,40.38132642,"(-3.78061952, 40.38132642)"
23,"Calle de la Foresta, 21,",5,18,2170,0,"597 - Calle de la Foresta, 8",597,23,08,-3.66777681,40.49853277,"(-3.66777681, 40.49853277)"
24,"Calle de José Gutiérrez Maroto, 33,",8,19,2171,0,"445 - Calle de José Gutiérrez Maroto, 33",445,27,18,-3.60503564,40.36334587,"(-3.60503564, 40.36334587)"
25,"Calle La Cabrera, sn,",6,21,2172,0,"599 - Calle La Cabrera, sn",599,27,08,-3.71920443,40.47223267,"(-3.71920443, 40.47223267)"
26,"Calle Fuente de Lima, 10,",9,13,2173,2,"343 - Calle Fuente de Lima, 10",343,23,10,-3.78339301,40.38358975,"(-3.78339301, 40.38358975)"
27,"Calle Ocaña, 103,",13,10,2174,2,"344 - Calle Ocaña, 103",344,23,10,-3.75292035,40.38586273,"(-3.75292035, 40.38586273)"
28,"Paseo de Juan XXIII, 24,",17,10,2175,2,"313 - Paseo de Juan XXIII, 24",313,27,09,-3.7169359,40.448084,"(-3.7169359, 40.448084)"
29,"Calle de Caroli, 1,",9,14,2177,2,"315 - Calle de Caroli, 1",315,23,09,-3.784627,40.45862,"(-3.784627, 40.45862)"
30,"Calle Antonio Machado, sn,,",6,13,2178,0,"316 - Calle Antonio Machado, sn",316,19,09,-3.71995383,40.46439687,"(-3.71995383, 40.46439687)"
31,"Calle Antonio Machado, 30,",8,19,2179,0,"317 - Calle Antonio Machado, 30",317,27,09,-3.71921712,40.46826955,"(-3.71921712, 40.46826955)"
32,"Calle Fuente del Tiro, 27,",10,14,2180,2,"345 - Fuente del Tiro, 27",345,24,10,-3.7798001,40.38308791,"(-3.7798001, 40.38308791)"
33,"Calle del Pico Chilegua, 3,",10,14,2182,2,"449 - Calle del Pico Chilegua, 3",449,24,18,-3.61869106,40.37286701,"(-3.61869106, 40.37286701)"
34,"Calle Camino de las Hormigueras, 161,",17,7,2183,1,"450 - Calle Camino de las Hormigueras, 161",450,24,18,-3.6370762,40.3762555,"(-3.6370762, 40.3762555)"
35,"Clara del Rey, 6,",8,16,2184,2,"294 - Clara del Rey, 6",294,24,05,-3.672339,40.440944,"(-3.672339, 40.440944)"
36,"Avenida del Camino de Santiago, 4,",2,21,2185,0,"604 - Avenida del Camino de Santiago, 4",604,23,08,-3.66955215,40.50910428,"(-3.66955215, 40.50910428)"
37,"Calle Enrique Garcia Alvarez, 5,",19,8,2187,1,"438 - Calle Enrique Garcia Alvarez, 5",438,27,18,-3.6140607,40.3804482,"(-3.6140607, 40.3804482)"
38,"Avenida de Las Suertes, 15,",9,14,2189,2,"452 - Avenida de Las Suertes, 15",452,23,18,-3.6078539,40.3713613,"(-3.6078539, 40.3713613)"
39,"para borrar,",0,0,1404,3,0 - para borrar,0,0,16,-3.62018,40.49291,"(-3.62018, 40.49291)"
40,"Calle Fuencarral nº 108,",16,11,1409,2,5 - Fuencarral,5,27,01,-3.7021354,40.4285212,"(-3.7021354, 40.4285212)"
41,"Calle Hortaleza nº 75,",15,4,1411,1,7 - Hortaleza,7,19,01,-3.6977715,40.4251906,"(-3.6977715, 40.4251906)"
42,"Calle Marqués de la Ensenada nº 16,",16,7,1414,2,10 - Marqués de la Ensenada,10,23,01,-3.692104,40.425403,"(-3.692104, 40.425403)"
43,"Calle San Andrés nº 18,",10,13,1415,2,11 - San Andrés,11,23,01,-3.7036,40.427,"(-3.7036, 40.427)"
44,"Calle San Bernardo nº 85,",24,3,1416,1,12 - San Hermenegildo,12,27,01,-3.7061406,40.4284667,"(-3.7061406, 40.4284667)"
45,"Calle Conde Duque nº 22,",5,18,1417,0,13 - Conde Duque,13,23,01,-3.7105,40.4273,"(-3.7105, 40.4273)"
46,"Ventura Rodriguez, 2,",25,2,1418,1,14 - Ventura Rodríguez,14,27,09,-3.7133069,40.4260425,"(-3.7133069, 40.4260425)"
47,"Plaza de Pedro Zerolo nº 1,",4,20,1422,0,18 - Plaza de Pedro Zerolo,18,24,01,-3.6996776,40.4209251,"(-3.6996776, 40.4209251)"
48,"Calle Alcalá nº 49,",19,7,1424,1,20a - Banco de España A,20a,27,01,-3.6952465,40.4188076,"(-3.6952465, 40.4188076)"
49,"Plaza de Santo Domingo nº 1,",2,22,1426,0,23 - Santo Domingo,23,24,01,-3.708249,40.4202595,"(-3.708249, 40.4202595)"
50,"Plaza de las Salesas 7,",16,11,1430,2,26 - Plaza de las Salesas,26,27,01,-3.6945,40.4239,"(-3.6945, 40.4239)"
51,"Calle Jesús nº 1,",3,23,1431,0,27 - Huertas,27,27,01,-3.6957,40.4133,"(-3.6957, 40.4133)"
52,"Plaza de Ramales,",11,13,1440,2,36 - Plaza Ramales,36,24,01,-3.71183,40.4168,"(-3.71183, 40.4168)"
53,"Carrera de San Francisco nº 1,",6,21,1442,0,38 - Plaza de los Carros,38,27,01,-3.7115898,40.4113586,"(-3.7115898, 40.4113586)"
54,"Plaza del Conde de Romanones nº 9,",17,0,1444,1,40 - Conde de Romanones,40,18,01,-3.7047949666162405,40.413778406369765,"(-3.7047949666162405, 40.413778406369765)"
55,"Calle Santa Isabel 32,",11,16,1446,2,42 - Santa Isabel,42,27,01,-3.6982922,40.4108488,"(-3.6982922, 40.4108488)"
56,"Glorieta de la Puerta de Toledo nº 1,",4,15,1449,0,45 - Puerta de Toledo,45,19,01,-3.7111034,40.4068659,"(-3.7111034, 40.4068659)"
57,"Calle Ribera de Curtidores nº 28,",17,10,1450,2,46 - Ribera de Curtidores,46,27,02,-3.7071259,40.4053153,"(-3.7071259, 40.4053153)"
58,"Ronda de Atocha nº 34,",14,13,1453,2,49 - Casa Encendida,49,27,01,-3.6992774,40.4060533,"(-3.6992774, 40.4060533)"
59,"Ronda de Atocha nº 2,",26,1,1455,1,51 - Ronda de Atocha,51,27,01,-3.6935205,40.4075606,"(-3.6935205, 40.4075606)"
60,"Calle Barceló nº 7,",10,9,1458,2,54 - Barceló,54,19,01,-3.700392997553259,40.426599101766264,"(-3.700392997553259, 40.426599101766264)"
61,"Calle Augusto Figueroa nº 33,",6,21,1462,0,58 - Augusto Figueroa,58,27,01,-3.6978583,40.4222783,"(-3.6978583, 40.4222783)"
62,"Calle O'Donnell nº 28,",23,4,1465,1,61 - Narváez,61,27,03,-3.6753139,40.4214551,"(-3.6753139, 40.4214551)"
63,"Calle Ibiza nº 62,",4,19,1467,0,63 - Ibiza,63,23,03,-3.6708959,40.4179237,"(-3.6708959, 40.4179237)"
64,"Calle Antonio Maura nº 15,",20,4,1468,1,65 - Antonio Maura,65,24,03,-3.689424797942769,40.4167014469994,"(-3.689424797942769, 40.4167014469994)"
65,"Calle Espalter nº 1,",18,1,1470,1,68 - Espalter,68,19,03,-3.6913232,40.4127692,"(-3.6913232, 40.4127692)"
66,"Avenida de Alfonso XII nº 54,",11,16,1471,2,69 - Puerta del Ángel Caído,69,27,03,-3.688822,40.409808,"(-3.688822, 40.409808)"
67,"Avenida de Menéndez Pelayo nº 63,",20,7,1472,1,70 - Puerta del Doce de Octubre,70,27,03,-3.677872542327878,40.415382385574716,"(-3.677872542327878, 40.415382385574716)"
68,"Avenida de Nazaret nº 7,",2,21,1475,0,73 - Plaza de los Astros,73,23,03,-3.6687,40.4115,"(-3.6687, 40.4115)"
69,"Avenida de Menéndez Pelayo nº 69,",23,4,1476,1,74 - Puerta del Pacífico ,74,27,03,-3.676588763788984,40.41206290978386,"(-3.676588763788984, 40.41206290978386)"
70,"Avenida de Menéndez Pelayo con calle Poeta Esteban Villegas,",13,14,1477,2,75 - Menéndez Pelayo,75,27,03,-3.6784749,40.4082717,"(-3.6784749, 40.4082717)"
71,"Calle Doctor Esquerdo nº 191,",13,10,1487,2,84 - Valderribas,84,23,03,-3.672481575393678,40.40357156992851,"(-3.672481575393678, 40.40357156992851)"
72,"Avenida de Menéndez Pelayo, 9,",26,1,1488,1,85 - Puerta de Madrid,85,27,03,-3.679891,40.4213143,"(-3.679891, 40.4213143)"
73,"Calle Ayala nº 44,",16,7,1490,2,87 - Ayala,87,23,04,-3.6832566,40.427736,"(-3.6832566, 40.427736)"
74,"Calle Velázquez nº 75,",7,16,1491,0,88 - Embajada de Italia,88,23,04,-3.6838303,40.4313576,"(-3.6838303, 40.4313576)"
75,"Calle Ayala nº 102,",9,14,1492,2,89 - Conde Peñalver,89,23,04,-3.6752024,40.4272582,"(-3.6752024, 40.4272582)"
76,"Calle Goya nº 18,",18,9,1493,2,90 - Goya 18,90,27,04,-3.6838416,40.4251493,"(-3.6838416, 40.4251493)"
77,"Calle Hermosilla nº 70,",19,4,1494,1,91 - Hermosilla,91,23,04,-3.6786285,40.426049,"(-3.6786285, 40.426049)"
78,"Calle Claudio Coello nº 45,",20,3,1495,1,92 - Claudio Coello,92,23,04,-3.6865463,40.4262945,"(-3.6865463, 40.4262945)"
79,"Calle Claudio Coello nº 19,",13,10,1498,2,95 - Villanueva,95,23,04,-3.6869293,40.4225428,"(-3.6869293, 40.4225428)"
80,"Calle Alcalá nº 111,",23,4,1499,1,96 - Castelló,96,27,04,-3.682204798770403,40.42201515498424,"(-3.682204798770403, 40.42201515498424)"
81,"Avenida de Menéndez Pelayo nº 3,",19,8,1500,1,97 - Alcalá,97,27,04,-3.6802556,40.4225364,"(-3.6802556, 40.4225364)"
82,"Plaza de Felipe II,",17,7,1501,1,98 - Plaza de Felipe II,98,24,04,-3.6757676,40.4241325,"(-3.6757676, 40.4241325)"
83,"Calle Jorge Juan nº 131,",8,16,1504,2,101 - Jorge Juan,101,24,04,-3.6696804,40.4230771,"(-3.6696804, 40.4230771)"
84,"Calle Alcalá nº 95,",13,10,1505,2,102 - Velázquez,102,23,04,-3.6842317,40.4211845,"(-3.6842317, 40.4211845)"
85,"Paseo de Federico Garcia Lorca, 4,",4,14,2053,0,"440 - Paseo de Federico Garcia Lorca, 4",440,18,18,-3.62144691,40.3795035,"(-3.62144691, 40.3795035)"
86,"Calle Seis, sn,",18,6,2054,1,"507 - Calle Seis, sn",507,24,20,-3.59650295,40.44845033,"(-3.59650295, 40.44845033)"
87,"Calle Rosario Pino,",8,16,2055,2,299 - Calle Rosario Pino,299,24,06,-3.69193246,40.46204955,"(-3.69193246, 40.46204955)"
88,"Calle Capitan Blanco Argibay,",6,18,2056,0,300 - Capitan Blanco Argibay,300,24,06,-3.7031882,40.4667435,"(-3.7031882, 40.4667435)"
89,"Calle Muller,",0,24,2057,0,301 - Muller,301,24,06,-3.69837565,40.46518187,"(-3.69837565, 40.46518187)"
90,"Gran Avenida, 27,",8,16,2059,2,"396 - Gran Avenida, 27",396,24,12,-3.70760649,40.36997711,"(-3.70760649, 40.36997711)"
91,"Periana, 24,",14,10,2060,2,"394 - Periana, 24",394,24,12,-3.68765805,40.36672327,"(-3.68765805, 40.36672327)"
92,"Calle de Moreja, 30,",12,12,2061,2,"397 - Calle de Moreja, 30",397,24,12,-3.69838038,40.36809336,"(-3.69838038, 40.36809336)"
93,"Calle de Torremolinos, 2,",10,14,2063,2,"430 - Calle de Torremolinos, 2",430,24,13,-3.64178999,40.38500948,"(-3.64178999, 40.38500948)"
94,"Calle Esteban Collantes 63,",12,12,2065,2,491 - Esteban Collantes 63,491,24,15,-3.637663,40.432883,"(-3.637663, 40.432883)"
95,"Calle de Velacho Alto, 2,",12,12,2066,2,"527 - Calle de Velacho Alto, 2",527,24,16,-3.65926884,40.47250314,"(-3.65926884, 40.47250314)"
96,"Plaza del Liceo,",13,11,2067,2,526 - Plaza del Liceo,526,24,16,-3.64441924,40.45754368,"(-3.64441924, 40.45754368)"
97,"Puerto del Canfranc, 18,",14,10,2068,2,"431 - Puerto del Canfranc, 18",431,24,13,-3.6634,40.3969,"(-3.6634, 40.3969)"
98,"Calle Teresa López Valcárcel esq. Teniente Coronel Noreña,",5,19,2071,0,270 - Calle Teresa López Valcárcel,270,24,02,-3.69328771,40.38862908,"(-3.69328771, 40.38862908)"
99,"Arturo Soria, 312,",7,16,2072,0,"493. - 493 -Arturo Soria, 312",493.,23,15,-3.6684167,40.47636724,"(-3.6684167, 40.47636724)"
100,"Calle de Villalobos, 28,",23,1,2073,1,"433 - Calle de Villalobos, 28",433,24,13,-3.65076037,40.38161669,"(-3.65076037, 40.38161669)"
101,"Calle Albarracin, sn,",12,12,2076,2,"506 - Calle Albarracin, s/n",506,24,20,-3.63251641,40.43397327,"(-3.63251641, 40.43397327)"
102,"Calle Castillo de Ucles, 37,",13,11,2077,2,"505 - Calle Castillo de Ucles, 37",505,24,20,-3.62306578,40.4315255,"(-3.62306578, 40.4315255)"
103,"Calle San Claudio, 154,",3,21,2078,0,"435 - Calle San Claudio, 154",435,24,13,-3.63953994,40.38902883,"(-3.63953994, 40.38902883)"
104,"Calle Alcala  (acera de tránsito peatonal),",0,0,2079,3,508 - Alcala  (acera de tránsito peatonal),508,0,20,-3.60960104,40.44910362,"(-3.60960104, 40.44910362)"
105,"Paseo de la Dirección, frente 297,",3,21,2080,0,"302 - Paseo de la Dirección ,frente 297",302,24,06,-3.703955,40.4702445774,"(-3.703955, 40.4702445774)"
106,"Calle Casalarreina,",17,7,2081,1,463 - Calle Casalarreina 18,463,24,19,-3.6123187980524585,40.40939089860396,"(-3.6123187980524585, 40.40939089860396)"
107,"Avenida de Daroca 321,",5,19,2082,0,"464 - Avenida de Daroca, 321",464,24,19,-3.61283416,40.40634029,"(-3.61283416, 40.40634029)"
108,"Paseo de los Gigantes y Cabezudos, 4,",6,18,2083,0,"400 - Paseo de los Gigantes y Cabezudos, 4",400,24,17,-3.69399661,40.36064659,"(-3.69399661, 40.36064659)"
109,"Paseo de la Dirección, 161,",0,24,2085,0,"303 - Paseo de la Dirección, 161",303,24,06,-3.7080850848120273,40.46778929738312,"(-3.7080850848120273, 40.46778929738312)"
110,"Avenida El Ferrol, 18,",2,22,2086,0,"576 - Avenida El Ferrol, 18",576,24,08,-3.70510525,40.47431313,"(-3.70510525, 40.47431313)"
111,"577 - Calle Monforte de Lemos, 103,",10,14,2087,2,"577 - Calle Monforte de Lemos, 103",577,24,08,-3.70566914,40.47899993,"(-3.70566914, 40.47899993)"
112,"Calle Ofelia Nieto, 75,",7,17,2088,0,"309 - Calle Ofelia Nieto, 75",309,24,09,-3.708734,40.462051,"(-3.708734, 40.462051)"
113,"Calle de María Auxiladora 1,",0,24,2089,0,308 - María Auxiliadora 1,308,24,09,-3.71346147,40.45772941,"(-3.71346147, 40.45772941)"
114,"Avenida de Guadalajara, 101,",13,11,2090,2,"510 - Avenida de Guadalajara, 101",510,24,20,-3.61346199,40.42218968,"(-3.61346199, 40.42218968)"
115,"Calle Aquitania, 31,",17,10,2091,2,511 - Aquitania 31,511,27,20,-3.61726728,40.41912347,"(-3.61726728, 40.41912347)"
116,"Calle de los Aparejadores, 24,",14,10,2092,2,"512 - Calle de los Aparejadores, 24",512,24,20,-3.61537023,40.42667885,"(-3.61537023, 40.42667885)"
117,"Avenida de Niza, 9,",19,8,2093,1,"513 - Avenida de Niza, 9",513,27,20,-3.60645414,40.4271211,"(-3.60645414, 40.4271211)"
118,"Avenida de Hellin, 13,",12,12,2095,2,"515 - Avenida de Hellin, 13",515,24,20,-3.61579967,40.43091667,"(-3.61579967, 40.43091667)"
119,"Calle de El Toboso, 115,",17,6,2096,1,"359 - Calle de El Toboso, 115",359,22,11,-3.7363397,40.3929901,"(-3.7363397, 40.3929901)"
120,"Avenida de Abrantes, 108,",12,11,2098,2,"361 - Avenida de Abrantess, 108",361,23,11,-3.73266666,40.37734672,"(-3.73266666, 40.37734672)"
121,"Avenida de Santa Eugenia, 9,",2,22,2099,0,"441 - Avenida de Santa Eugenia, 9",441,24,18,-3.60948153,40.38600753,"(-3.60948153, 40.38600753)"
122,"Avenida del Mediterraneo, sn,",15,12,2100,2,"442 - Avenida del Mediterraneo, sn",442,27,18,-3.60463,40.38305936,"(-3.60463, 40.38305936)"
123,"Calle Fuentespina, 33,",16,8,2101,2,"443 - Calle Fuentespina, 33",443,24,18,-3.60724755,40.37941487,"(-3.60724755, 40.37941487)"
124,"Calle Hilario Herránz Establos , 36,",16,11,2102,2,362 - Hilario Herranz Establos 36,362,27,11,-3.726638,40.372839,"(-3.726638, 40.372839)"
125,"Calle Rioja, 13,",9,15,2103,2,"557 - Calle Rioja, 13",557,24,21,-3.58815143,40.45746674,"(-3.58815143, 40.45746674)"
126,"Calle de los Emigrantes, 15,",10,17,2106,2,"530 - Calle de los Emigrantes, 15",530,27,16,-3.63788349,40.4685745,"(-3.63788349, 40.4685745)"
127,"Avenida Barranquilla, 17,",15,9,2108,2,"532 - Avenida Barranquilla, 17",532,24,16,-3.6395164,40.47490194,"(-3.6395164, 40.47490194)"
128,"Avenida de San Luis, 23,",8,15,2109,2,"533 - Avenida de San Luis, 23",533,23,16,-3.65511455,40.47148748,"(-3.65511455, 40.47148748)"
129,"Calle de Angel Mugica, 3,",3,21,2112,0,"583 - Calle de Angel Mugica, 3",583,24,08,-3.68529048,40.48468297,"(-3.68529048, 40.48468297)"
130,"Avenida Monasterio de Silos, 63A,",2,22,2113,0,"584 - Avenida Monasterio de Silos, 63A",584,24,08,-3.69603345,40.50501029,"(-3.69603345, 40.50501029)"
131,"Calle Molins de Rey, 8,",6,18,2114,0,"585 - Molins de Rey, 8",585,24,08,-3.69374813,40.4954662,"(-3.69374813, 40.4954662)"
132,"Calle Caldas de Estrach, 14,",3,20,2115,0,"586 - Caldas de Estrach, 14",586,23,08,-3.6974725,40.4963916,"(-3.6974725, 40.4963916)"
133,"Calle de Mesena, 102,",4,20,2116,0,"534 - Calle de Mesena, 102",534,24,16,-3.66340634,40.46772408,"(-3.66340634, 40.46772408)"
134,"Calle Delicias, 45,",16,3,2117,1,"273 - Calle Delicias, 45",273,19,02,-3.69091831,40.40381914,"(-3.69091831, 40.40381914)"
135,"Calle Costa Brava, 16,",12,15,2118,2,"587 - Costa Brava, 16",587,27,08,-3.70865744,40.49892399,"(-3.70865744, 40.49892399)"
136,"Av. del Campo de Calatrava, 17,",5,22,2119,0,"588 - Av. del Campo de Calatrava, 17",588,27,08,-3.69112254,40.50052161,"(-3.69112254, 40.50052161)"
137,"Avenida Monasterio de Silos, 37,",5,18,2120,0,"589 - Avenida Monasterio de Silos, 37",589,24,08,-3.70290315,40.50340494,"(-3.70290315, 40.50340494)"
138,"Calle de Ramon Power, 8,",7,20,2121,0,"535 - Calle de Ramon Power, 8",535,27,16,-3.634999,40.463575,"(-3.634999, 40.463575)"
139,"Calle Cebreros, 97,",14,9,2122,2,"328 - Calle Cebreros, 97",328,23,10,-3.7521917,40.4032379,"(-3.7521917, 40.4032379)"
140,"Calle Alhambra, 58,",22,1,2123,1,"329 - Calle Alhambra, 58",329,23,10,-3.74445208,40.3988162,"(-3.74445208, 40.3988162)"
141,"Calle de la Duquesa de Parcent, 14,",7,16,2124,0,"330 - Calle de la Duquesa de Parcent, 14",330,23,10,-3.7447281,40.39500224,"(-3.7447281, 40.39500224)"
142,"Calle Valmojado, 53,",23,1,2125,1,"331 - Calle Valmojado, 53",331,24,10,-3.75757186,40.39649629,"(-3.75757186, 40.39649629)"
143,"Calle Los Yebenes, 159,",17,6,2126,1,"332 - Calle Los Yebenes, 159",332,23,10,-3.75181704,40.39302789,"(-3.75181704, 40.39302789)"
144,"Avenida de Oporto, 102,",16,7,2127,2,"363 - Avenida de Oporto, 102",363,23,11,-3.72987333,40.38745087,"(-3.72987333, 40.38745087)"
145,"Avenida de Oporto, 34,",10,13,2128,2,"364 - Avenida de Oporto, 34 ",364,23,11,-3.72378064,40.38550735,"(-3.72378064, 40.38550735)"
146,"Calle del Boj, 5,",15,8,2129,2,"536 - Calle del Boj, 5",536,23,16,-3.6180818,40.4560204,"(-3.6180818, 40.4560204)"
147,"Avenida de Machupichu, 23,",11,16,2130,2,"537 - Avenida de Machupichu, 23",537,27,16,-3.62579439,40.45841466,"(-3.62579439, 40.45841466)"
148,"Calle de Haendel, 8,",13,14,2131,2,"538 - Calle de Haendel, 8",538,27,16,-3.62532131,40.46275082,"(-3.62532131, 40.46275082)"
149,"Calle Illescas, 80,",12,10,2132,2,"333 - Calle Illescas, 80",333,23,10,-3.7562323,40.392175,"(-3.7562323, 40.392175)"
150,"Av de la plaza de Toros , 3,",6,17,2133,0,"365 - Av de la plaza de Toros , 3",365,23,11,-3.73725908,40.38537202,"(-3.73725908, 40.38537202)"
151,"Avenida Alfonso XIII, 113,",0,23,2135,0,"291 - Avenida Alfonso XIII, 113",291,23,05,-3.66790332,40.45866532,"(-3.66790332, 40.45866532)"
152,"Calle Pradillo, 33,",5,18,2136,0,"292 - Pradillo, 33",292,23,05,-3.6717937,40.44904126,"(-3.6717937, 40.44904126)"
153,"Arturo Soria, 332,",7,16,2137,0,"494 - Arturo Soria, 332",494,23,15,-3.666529,40.480694,"(-3.666529, 40.480694)"
154,"C Juan Ignacio Luca de Tena, 13,",15,12,2138,2,"516 - Juan Ignacio Luca de Tena, 13",516,27,20,-3.63110255,40.44796778,"(-3.63110255, 40.44796778)"
155,"Eugenia de Montijo, 57,",5,10,2139,2,"368 - Eugenia de Montijo, 57",368,15,11,-3.74706068,40.3791024,"(-3.74706068, 40.3791024)"
156,"Plaza de la Parroquia , 20,",15,8,2140,2,"369 - Plaza de la Parroquia , 20",369,23,11,-3.7415832,40.3802446,"(-3.7415832, 40.3802446)"
157,"Calle Maria de Maeztu, 50,",9,17,2142,2,"590 - María de Maeztu, 50",590,27,08,-3.72757227,40.49093014,"(-3.72757227, 40.49093014)"
158,"Calle San Mariano, 58,",22,5,2143,1,"517 - Calle San Mariano, 58",517,27,20,-3.61190481,40.44175279,"(-3.61190481, 40.44175279)"
159,"Calle de Tampico, 71,",8,15,2144,2,"518 - Calle de Tampico, 71",518,23,20,-3.635345,40.444569,"(-3.635345, 40.444569)"
160,"Calle Lonja de la Seda, 33,",7,16,2146,0,"372 - Calle Lonja de la Seda, 33",372,23,11,-3.76158263,40.36612215,"(-3.76158263, 40.36612215)"
161,"Calle Salvador Allende, 26,",12,11,2147,2,"373 - Calle Salvador Allende, 26",373,23,11,-3.75787005,40.36277848,"(-3.75787005, 40.36277848)"
162,"Calle del Dinero, 38,",21,6,2148,1,"374 - Calle del Dinero, 38",374,27,11,-3.7501466,40.3625707,"(-3.7501466, 40.3625707)"
163,"Calle Calderilla, 4,",17,10,2149,2,"375 - Calle Calderilla, 4",375,27,11,-3.7386603,40.3651497,"(-3.7386603, 40.3651497)"
164,"Plaza de Carlos Cambronero nº 2,",14,9,1421,2,17 - Carlos Cambronero,17,23,01,-3.704166,40.423126,"(-3.704166, 40.423126)"
165,"Plaza del Cordón,",18,6,1439,1,35 - Plaza del Cordón,35,24,01,-3.7103285,40.4141931,"(-3.7103285, 40.4141931)"
166,"Calle Doctor Esquerdo nº 161,",11,12,1485,2,82 - Niño Jesús,82,23,03,-3.6697526,40.4084556,"(-3.6697526, 40.4084556)"
167,"Calle Jacometrezo nº 3,",0,0,1425,3,22 - Jacometrezo,22,3,01,-3.7065376,40.4200783,"(-3.7065376, 40.4200783)"
168,"Calle Hortaleza nº 63,",11,8,1410,2,6 - Colegio Arquitectos,6,19,01,-3.698447,40.424148,"(-3.698447, 40.424148)"
169,"Calle Prim nº 2,",9,19,1423,0,"19 - Calle Prim, 2",19,28,01,-3.6954983,40.4218616,"(-3.6954983, 40.4218616)"
170,"Calle Alcalá nº 27,",16,2,1432,1,28 - Sevilla,28,18,01,-3.6984583,40.41806,"(-3.6984583, 40.41806)"
171,"Calle Atocha nº 54,",11,7,1445,2,41 - Antón Martín,41,19,01,-3.6991147,40.4122047,"(-3.6991147, 40.4122047)"
172,"Calle Alcántara nº 2,",6,17,1502,0,99 - Alcántara,99,23,04,-3.6740178,40.4260391,"(-3.6740178, 40.4260391)"
173,"Calle Espíritu Santo nº 30,",3,16,1463,0,59 - Plaza de Juan Pujol,59,19,01,-3.7043418,40.4255495,"(-3.7043418, 40.4255495)"
174,"Calle Carlos III nº 1,",10,8,1427,2,24 - Palacio de Oriente,24,18,01,-3.7106495,40.417767,"(-3.7106495, 40.417767)"
175,"Calle Manuela Malasaña nº 5,",9,18,1408,2,4 - Malasaña,4,27,01,-3.7025,40.4286259,"(-3.7025, 40.4286259)"
176,"Calle Pavía nº 6,",12,15,1434,2,30 - San Quintín,30,27,01,-3.711504,40.4192095,"(-3.711504, 40.4192095)"
177,"Plaza del Conde del Valle de Súchil nº 3,",6,13,1407,0,3 - Plaza Conde Suchil,3,19,07,-3.7072537,40.4303223,"(-3.7072537, 40.4303223)"
178,"Glorieta de Embajadores nº 6,",6,18,1451,0,47 - Embajadores 1,47,24,02,-3.7027998,40.4045772,"(-3.7027998, 40.4045772)"
179,"Plaza de Santa Ana nº 10,",6,9,1456,2,52 - Plaza de Santa Ana,52,15,01,-3.7007164,40.4144226,"(-3.7007164, 40.4144226)"
180,"Calle Santa Isabel nº 57,",4,20,1454,0,50 - Museo Reina Sofía,50,24,01,-3.6933463,40.4083684,"(-3.6933463, 40.4083684)"
181,"Calle Goya nº 99,",14,13,1503,2,100 - Palacio de Deportes,100,27,04,-3.67384,40.42478,"(-3.67384, 40.42478)"
182,"Plaza de Alonso Martínez nº 5,",16,8,1412,2,8 - Alonso Martínez,8,24,07,-3.6954403,40.4278682,"(-3.6954403, 40.4278682)"
183,"Plaza de la Cebada nº 16 ,",24,6,1443,1,39 - Plaza de la Cebada,39,31,01,-3.7088337,40.4112744,"(-3.7088337, 40.4112744)"
184,"Calle Lavapiés nº 34,",1,17,1447,0,43 - Jesús y María,43,18,01,-3.702471,40.4100387,"(-3.702471, 40.4100387)"
185,"Plaza de San Ildefonso,",14,10,1459,2,55 - Plaza de San Ildefonso,55,24,01,-3.7020842,40.4239757,"(-3.7020842, 40.4239757)"
186,"Plaza del Conde de Casal nº 8,",9,9,1479,2,77 - Conde de Casal,77,18,03,-3.6707132,40.4064784,"(-3.6707132, 40.4064784)"
187,"Calle Santa Cruz del Marcenado nº 24,",5,18,1461,0,57 - Santa Cruz del Marcenado,57,23,01,-3.7126299,40.4295658,"(-3.7126299, 40.4295658)"
188,"548 - Eduardo Mazón 1,",18,5,2233,1,548 - Eduardo Mazón 1,548,23,16,-3.6154157,40.4521484,"(-3.6154157, 40.4521484)"
189,"Santa Rita 1,",0,23,2234,0,293 - Santa Rita 1,293,23,05,-3.6682882,40.4457928,"(-3.6682882, 40.4457928)"
190,"Avenida de NIza 67,",6,17,2235,0,520. - 520 - Avenida de NIza 67,520.,23,20,-3.60811578,40.4342806,"(-3.60811578, 40.4342806)"
191,"Amposta s/n (esquina Arcos de Jalón),",15,8,2236,2,509. - 509 - Amposta s/n (esquina Arcos de Jalón),509.,23,20,-3.61865045,40.42218951,"(-3.61865045, 40.42218951)"
192,"Bahía de Cádiz, 2,",7,16,2237,0,"558 - Bahía de Cádiz, 2",558,23,21,-3.593712,40.461137,"(-3.593712, 40.461137)"
193,"Cristo del Gran Poder, 27,",15,8,2238,2,"561 - Cristo del Gran Poder, 27",561,23,21,-3.585751,40.472048,"(-3.585751, 40.472048)"
194,"Calle Tomillar, 40,",26,1,2239,1,"562 - Tomillar, 40",562,27,21,-3.5844146,40.4630993,"(-3.5844146, 40.4630993)"
195,"560 - Playa de Zarauz, 16,",3,20,2240,0,"560 - Playa de Zarauz, 16",560,23,21,-3.5906847,40.4731404,"(-3.5906847, 40.4731404)"
196,"Paseo Alberto Palacios, 42,",5,18,2243,0,"405 - Alberto Palacios, 42",405,23,17,-3.7129039644180373,40.3449259916087,"(-3.7129039644180373, 40.3449259916087)"
197,"Calle de Eduardo Maristany, 7,",20,7,2244,1,"401 - Eduardo Maristany, 7",401,27,17,-3.683127,40.353285,"(-3.683127, 40.353285)"
198,"Calle Cifuentes, 5,",17,6,2245,1,"406 - Calle Cifuentes, 5",406,23,17,-3.6960817,40.3486,"(-3.6960817, 40.3486)"
199,"Calle de Auñón, 16,",13,8,2246,2,"403 - Auñón, 16",403,23,17,-3.6775242,40.3504944,"(-3.6775242, 40.3504944)"
200,"PASEO DE LOS MELANCÓLICOS 73,",6,17,2247,0,280 - PASEO DE LOS MELANCÓLICOS 73,280,23,02,-3.718569,40.401782,"(-3.718569, 40.401782)"
201,"Calle Albox 33,",18,5,2248,1,367-2 - 367 - Albox 33,367-2,23,11,-3.73984,40.373972,"(-3.73984, 40.373972)"
202,"Paseo de los Jesuitas 4,",11,12,2249,2,325b - 325 - Paseo de los Jesuitas 4,325b,23,10,-3.7305543,40.4106918,"(-3.7305543, 40.4106918)"
203,"Calle Sierra de Atapuerca, 19,",8,15,2250,2,"578 - Sierra de Atapuerca, 19",578,23,08,-3.67042488,40.50292982,"(-3.67042488, 40.50292982)"
204,"Calle Puerto de Porzuna, 34,",22,1,2251,1,"446 - Puerto de Porzuna 34, ",446,23,18,-3.6236297,40.373826,"(-3.6236297, 40.373826)"
205,"Parque Eugenia de Montijo, 2,",10,14,2252,2,"382-2 - 382-Parque Eugenia de Montijo, 2",382-2,24,11,-3.7545822,40.3783501,"(-3.7545822, 40.3783501)"
206,"Transversal Sexta, 17,",13,11,2254,2,"410 - Transversal Sexta ,17",410,24,17,-3.6992665,40.3325463,"(-3.6992665, 40.3325463)"
207,"579 - Maria Tubau,",10,14,2256,2,579 - Maria Tubau,579,24,08,-3.6717035870335635,40.51399230680476,"(-3.6717035870335635, 40.51399230680476)"
208,"602 - Calle del Monasterio de Sobrado, 6,",1,23,2257,0,"602 - Calle del Monasterio de Sobrado, 6",602,24,08,-3.692837,40.5093225,"(-3.692837, 40.5093225)"
209,"566 - Avenida de Logroño, 315,",13,11,2259,2,"566 - Avenida de Logroño, 315",566,24,21,-3.5815033,40.4703472,"(-3.5815033, 40.4703472)"
210,"469 - Ladera de los Almendros, 6,",10,14,2262,2,"469 - Ladera de los Almendros, 6",469,24,19,-3.62299,40.40343,"(-3.62299, 40.40343)"
211,"470 - Avenida Real, 3,",11,7,2263,2,"470 - Avenida Real, 3",470,18,19,-3.6063672,40.4021519,"(-3.6063672, 40.4021519)"
212,"471 - Calle Molino Viejo frente , 14,",5,13,2264,0,"471 - Molino Viejo frente , 14",471,18,19,-3.60666,40.396301,"(-3.60666, 40.396301)"
213,"271 - Calle Amaltea , 1,",8,16,2265,2,"271 - Calle Amaltea , 1",271,24,02,-3.68317,40.394706,"(-3.68317, 40.394706)"
214,"Calle Villablanca 7,",10,13,2266,2,466  - Villablanca  7,466,23,19,-3.60783265,40.40894698,"(-3.60783265, 40.40894698)"
215,"Paseo de Juan Antonio Vallejo Nájera Botas, 28,",11,12,2267,2,"275 - Juan Antonio Vallejo Nájera Botas, 25",275,23,02,-3.7082123,40.4020545,"(-3.7082123, 40.4020545)"
216," Avenida de la Aurora Boreal, 19,",18,5,2268,1,"475 - Aurora Boreal, 19",475,23,19,-3.603668,40.399236,"(-3.603668, 40.399236)"
217,"Calle Méndez Alvaro, 44,",21,2,2269,1,"274  - Méndez Alvaro, 73",274,23,02,-3.68134346,40.39675755,"(-3.68134346, 40.39675755)"
218,"605 - Calle Nuria 26,",8,16,2270,2,605 - Calle Nuria 26,605,24,08,-3.704883,40.491644,"(-3.704883, 40.491644)"
219,"Avenida Arcentales S/N,",6,18,2271,0,522 - Avenida Arcentales S/N,522,24,20,-3.60097542,40.43333298,"(-3.60097542, 40.43333298)"
220,"calle Paseo Ginebra,",7,17,2272,0,521 - Paseo Ginebra,521,24,20,-3.6048181,40.423893,"(-3.6048181, 40.423893)"
221,"Parador de Santa Lucía, 8,",0,24,2273,0,"508. - 508 - Parador de Santa Lucía, 8",508.,24,20,-3.609553,40.449095,"(-3.609553, 40.449095)"
222,"Calle San Jenaro, 1,",16,8,2278,2,"412 - San Jenaro, 1",412,24,17,-3.7043083,40.3500291,"(-3.7043083, 40.3500291)"
223,"Calle  Diamante, 10,",17,7,2279,1,"415 - Diamante, 10",415,24,17,-3.6877534,40.3532609,"(-3.6877534, 40.3532609)"
224,"Calle Doctor Martín Arévalo, 19,",17,7,2280,1,"413 - Doctor Martín Arévalo, 19",413,24,17,-3.707413,40.345928,"(-3.707413, 40.345928)"
225,"Calle Gallur, 5,",22,1,1998,1,"323 - Calle Gallur, 5",323,23,10,-3.7359,40.3984,"(-3.7359, 40.3984)"
226,"Calle de las Higueras, 49,",10,13,1999,2,"324 - Calle de las Higueras, 49",324,23,10,-3.745096152114864,40.40457132475174,"(-3.745096152114864, 40.40457132475174)"
227,"Hacienda de Pavones, 148,",4,19,2000,0,"457 - Hacienda de Pavones, 148",457,23,14,-3.6419,40.4026,"(-3.6419, 40.4026)"
228,"Calle de la Maquinilla,",4,20,2001,0,432 - Calle de la Maquinilla,432,24,13,-3.63648424,40.38078101,"(-3.63648424, 40.38078101)"
229,"Calle del Marques de Viana,89. Madrid ,",2,17,2002,0,298 - Calle del Marques de Viana,298,19,06,-3.704478,40.463643,"(-3.704478, 40.463643)"
230,"C Sierra de Guadalupe, 11,",24,3,2003,1,"437 - C Sierra de Guadalupe, 11",437,27,18,-3.62376457,40.38135158,"(-3.62376457, 40.38135158)"
231,"Calle Algorta, 2,",11,12,2005,2,"352 - Calle Algorta, 2",352,23,11,-3.72745169,40.39162261454714,"(-3.72745169, 40.39162261454714)"
232,"Paseo de los Jesuitas  67,",18,9,2007,2,322 - Paseo de los Jesuitas  67,322,27,10,-3.7351,40.408,"(-3.7351, 40.408)"
233,"Avenida Cordoba, 21,",20,3,2008,1,"392 - Avenida Cordoba, 21",392,23,12,-3.697856,40.38268,"(-3.697856, 40.38268)"
234,"Calle de Cabeza Mesada, 5,",18,9,2011,2,"439 - Calle de Cabeza Mesada, 5",439,27,18,-3.629413,40.37647902,"(-3.629413, 40.37647902)"
235,"Avenida de Orovilla, 53,",13,14,2012,2,"398 - Avenida de Orovilla, 53",398,27,17,-3.6895,40.3587,"(-3.6895, 40.3587)"
236,"Avenida Monforte de Lemos, 17,",8,15,2013,2,"569 - Avenida Monforte de Lemos, 17",569,23,08,-3.6965,40.4795,"(-3.6965, 40.4795)"
237,"Calle Melchor Fernandez Almagro, 80,",5,18,2014,0,"571 - Calle Melchor Fernandez Almagro, 80",571,23,08,-3.710326199999999,40.4756475,"(-3.710326199999999, 40.4756475)"
238,"Calle Valle de Mena, 5,",5,18,2015,0,"304 - Calle Valle de Mena, 5",304,23,09,-3.71527245,40.46962735,"(-3.71527245, 40.46962735)"
239,"Paseo de la Florida, 37,",17,6,2019,1,"305 -  Paseo de la Florida, 37",305,23,09,-3.72317757,40.42276114,"(-3.72317757, 40.42276114)"
240,"Calle Santo Ángel de la Guarda , 6,",9,14,2020,2,"306 - Calle Santo Ángel de la Guarda , 6",306,23,09,-3.7121965,40.4617959,"(-3.7121965, 40.4617959)"
241,"Calle Puertollano,",12,11,2022,2,502  - Calle Puertollano,502,23,20,-3.6237372,40.4425157,"(-3.6237372, 40.4425157)"
242,"Calle Gallegos,",18,9,2023,2,462 - Calle Gallegos,462,27,19,-3.6102747,40.40240379,"(-3.6102747, 40.40240379)"
243,"Calle del Arroyo del Olivar, 63,",21,3,2024,1,"421 - Arroyo del Olivar, 63",421,24,13,-3.653269,40.388435,"(-3.653269, 40.388435)"
244,"Calle Manuel Uribe, 1,",3,20,2025,0,"487 - Calle Manuel Uribe, 1",487,23,15,-3.66503419,40.46434131,"(-3.66503419, 40.46434131)"
245,"422 - Travesia de Palomeras, 7,",6,18,2026,0,"422 - Travesia de Palomeras, 7",422,24,13,-3.6705179,40.39017003,"(-3.6705179, 40.39017003)"
246,"Avenida de Entrevias, 56,",18,6,2027,1,"423 - Avenida de Entrevias, 56",423,24,13,-3.66855013,40.38138801,"(-3.66855013, 40.38138801)"
247,"Camino de Valderribas, 47,",1,23,2028,0,"424 - Camino de Valderribas, 47",424,24,13,-3.663958,40.4002231,"(-3.663958, 40.4002231)"
248,"Calle Ramon Perez de Ayala, 45,",17,7,2029,1,"425 - Calle Ramon Perez de Ayala, 45",425,24,13,-3.65381017,40.40003472,"(-3.65381017, 40.40003472)"
249,"Calle Humanes, 3,",5,18,2030,0,"426 - Calle Humanes, 3",426,24,13,-3.64932678,40.3952121,"(-3.64932678, 40.3952121)"
250,"Calle de los Andaluces, 2,",6,18,2031,0,"427 - Calle de los Andaluces, 2",427,24,13,-3.64148304,40.3914244,"(-3.64148304, 40.3914244)"
251,"Avenida de la Albufera,",10,14,2032,2,"428 - Avenida de la Albufera, 136",428,24,13,-3.6571,40.3919,"(-3.6571, 40.3919)"
252,"Serrano Galvache, 56,",4,20,2034,0,"489 - Serrano Galvache, 56",489,24,15,-3.67144504,40.47675257,"(-3.67144504, 40.47675257)"
253,"Hermanos Garcia Noblejas, 158,",20,4,2035,1,"490 - Hermanos Garcia Noblejas, 158",490,24,15,-3.62888094,40.42427523,"(-3.62888094, 40.42427523)"
254,"Calle Ricardo Ortiz, 33,",8,16,2036,2,"488 - Calle Ricardo Ortiz, 33",488,24,15,-3.65796439,40.42657032,"(-3.65796439, 40.42657032)"
255,"Calle de Bacares, 20,",7,17,2037,0,"525 - Calle de Bacares, 20",525,24,16,-3.66269029,40.47675499,"(-3.66269029, 40.47675499)"
256,"Calle Zaldivar,",12,12,2039,2,503 - Calle Zaldivar,503,24,20,-3.62650373,40.43209033,"(-3.62650373, 40.43209033)"
257,"Calle Mercedes Arteaga, 21,",17,7,2041,1,"353 - Calle Mercedes Arteaga, 21",353,24,11,-3.722217570475459,40.39251608002938,"(-3.722217570475459, 40.39251608002938)"
258,"Calle El Greco, 27,",15,9,2044,2,"327 - Calle El Greco, 27",327,24,10,-3.74726153,40.40741199,"(-3.74726153, 40.40741199)"
259,"Corregidor licenciado Antonio de Mena, sn,",9,15,2047,2,"461 - Corregidor Ldo. Antonio de Mena, sn",461,24,14,-3.6408,40.4099,"(-3.6408, 40.4099)"
260,"Calle Portalegre, 7,",12,12,2048,2,"356 - Calle Portalegre, 7",356,24,11,-3.72364769,40.38937686,"(-3.72364769, 40.38937686)"
261,"Avenida Monforte de Lemos, 123,",9,15,2049,2,"572 - Avenida Monforte de Lemos, 123",572,24,08,-3.70997335,40.47810429,"(-3.70997335, 40.47810429)"
262,"Calle Melchor Fernandez Almagro, 16,",4,20,2050,0,"573 - Calle Melchor Fernandez Almagro, 16",573,24,08,-3.69962571,40.47772776,"(-3.69962571, 40.47772776)"
263,"Calle Chantada, 2,",8,16,2052,2,"574 - Chantada, 2",574,24,08,-3.710678,40.472695,"(-3.710678, 40.472695)"
264,"Calle Zapatoca, 8,",8,15,2281,2,"545 - Zapatoca, 8",545,23,16,-3.63335803,40.47285235,"(-3.63335803, 40.47285235)"
265,"Calle Soto Hidalgo, 2,",24,3,2283,1,"563 - Soto Hidalgo, 2",563,27,21,-3.5820745,40.4606465,"(-3.5820745, 40.4606465)"
266,"Paseo Reina Cristina,6,",17,6,2285,1,"281 - Paseo Reina Cristina,6",281,23,03,-3.6831862,40.4067247,"(-3.6831862, 40.4067247)"
267,"Ronda de la comunicacion,",1,22,2286,0,609 - Ronda de la comunicacion,609,23,08,-3.6626887,40.5157202,"(-3.6626887, 40.5157202)"
268,"calle Moncada 102,",19,4,2287,1,408 - Moncada 102,408,23,17,-3.692444,40.341725,"(-3.692444, 40.341725)"
269,"Calle Fermín Caballero 2,",4,17,2289,0,606 - Calle Fermín Caballero 2,606,23,08,-3.698485,40.487363,"(-3.698485, 40.487363)"
270,"calle de la huerta de castañeda 26,",13,11,2290,2,349 - Huerta de Castañeda 26,349,24,10,-3.74201882097404,40.40622095698234,"(-3.74201882097404, 40.40622095698234)"
271,"Calle Oña s/n,",13,10,2292,2,551 - Calle Oña s/n,551,23,16,-3.6658565,40.4891872,"(-3.6658565, 40.4891872)"
272,"calle Ana de Austria s/n,",4,23,2293,0,552 - calle Ana de Austria s/n,552,27,16,-3.6531502,40.4994394,"(-3.6531502, 40.4994394)"
273,"Avd Fuerzas Armadas (Cercanias Valdebebas),",13,11,2294,2,542 - Av. Fuerzas Armadas (Cer. Valdebebas),542,24,21,-3.6157178,40.4819961,"(-3.6157178, 40.4819961)"
274,"Paseo de Puerta del Angel, 10 ( metro Lago),",15,4,2297,1,"320 - Paseo de Puerta del Angel, 10 (M. Lago)",320,19,09,-3.7345247,40.4167792,"(-3.7345247, 40.4167792)"
275,"Calle Estella, 21,",8,15,2298,2,"608 - Calle Estella, 21",608,23,08,-3.6743568,40.4968198,"(-3.6743568, 40.4968198)"
276,"Paseo de los Pontones, 45,",11,12,2299,2,"278 - Paseo de los Pontones, 45",278,23,02,-3.7196,40.4040433,"(-3.7196, 40.4040433)"
277,"Calle Luis de Salazar, 11,",0,23,2300,0,"289 - Calle Luis de Salazar, 11",289,23,05,-3.6649258,40.4474166,"(-3.6649258, 40.4474166)"
278,"Rafaela Aparicio, 10,",9,18,2301,2,"547 - Rafaela Aparicio, 10",547,27,16,-3.6312179,40.4792396,"(-3.6312179, 40.4792396)"
279,"Calle Berrocal, 9,",10,17,2302,2,"402 - Calle Berrocal, 9",402,27,17,-3.67615,40.344115,"(-3.67615, 40.344115)"
280,"Plaza de San Francisco nº 5,",6,18,1441,0,37 - Plaza de San Francisco,37,24,01,-3.714113,40.4108,"(-3.714113, 40.4108)"
281,"Tomas Redondo, 7,",6,17,2303,0,"543 - Tomas Redondo, 7",543,23,16,-3.62913802,40.47178414,"(-3.62913802, 40.47178414)"
282,"Paseo virgen de puerto, 25,",15,0,2304,1,"277 - Paseo Virgen del Puerto, 25",277,15,02,-3.721178,40.411622,"(-3.721178, 40.411622)"
283,"Menéndez Pelayo, entrada Florida Park,",13,10,2306,2,"282 - Menéndez Pelayo, entrada Florida Park",282,23,03,-3.6787796,40.4181327,"(-3.6787796, 40.4181327)"
284,"Calle Mayor , 6,",11,12,2307,2,"1b - Calle Mayor, 6",1,23,01,-3.7054098,40.416465,"(-3.7054098, 40.416465)"
285,"Avda de la Gran Vía de San Francisco, 9 ,",10,13,2308,2,"263 - Avda  Gran Vía de San Francisco ,  9",263,23,01,-3.712793282384579,40.40833880815136,"(-3.712793282384579, 40.40833880815136)"
286," Calle Babilonia, 19,",9,14,2309,2,"559 - Calle Babilonia, 19",559,23,21,-3.5882347,40.4675299,"(-3.5882347, 40.4675299)"
287,"Camino de Ganapanes, 40,",9,15,2311,2,"581 - Camino de Ganapanes, 40",581,24,08,-3.7163093,40.4764797,"(-3.7163093, 40.4764797)"
288,"Calle Escalona, 2,",18,9,2313,2,"341 - Calle Escalona, 2",341,27,10,-3.76182259,40.39834576,"(-3.76182259, 40.39834576)"
289,"Avda del Padre Piquer s/n,",2,22,2314,0,346 - Avda del Padre Piquer,346,24,10,-3.7664844,40.3907438,"(-3.7664844, 40.3907438)"
290,"Avda de las Aguilas, 27,",2,22,2315,0,"347 - Avda de las Aguilas, 27",347,24,10,-3.768603,40.383554,"(-3.768603, 40.383554)"
291,"Paseo de la Venta, 1,",8,19,2317,0,"312 -  Paseo de la Venta, 1",312,27,09,-3.7528559,40.4077495,"(-3.7528559, 40.4077495)"
292,"Carretera del ZOO, s/n (M. Casa Campo),",6,21,2318,0,"321 - Carretera del ZOO, s/n (M. Casa Campo)",321,27,09,-3.761051,40.40316,"(-3.761051, 40.40316)"
293,"Calle de las Rosas de Aravaca, s/n,",6,17,2319,0,"310 - Calle de las Rosas de Aravaca, s/n",310,23,09,-3.7845536,40.4490509,"(-3.7845536, 40.4490509)"
294,"Calle Felipe IV, 3,",10,13,2321,2,"283 - Calle Felipe IV, 3",283,23,03,-3.6919057,40.4152082,"(-3.6919057, 40.4152082)"
295,"Calle Caños de San Pedro, 12,",17,6,2323,1,"468 - Calle Caños de San Pedro, 12",468,23,19,-3.601920499999999,40.4029976,"(-3.601920499999999, 40.4029976)"
296,"465 - Cordel de Pavones, 48,",9,15,2324,2,"465 - Cordel de Pavones, 48",465,24,19,-3.619645,40.397375,"(-3.619645, 40.397375)"
297,"414 -  Calle de Santa Petronila, 7,",7,17,2325,0,"414 -  Calle de Santa Petronila, 7",414,24,17,-3.692163,40.350985,"(-3.692163, 40.350985)"
298,"Calle de la Oca, 20,",15,9,2326,2,"380. - 380 -  Calle de la Oca, 20",380.,24,11,-3.7335492,40.3894333,"(-3.7335492, 40.3894333)"
299,"411 - Calle Domingo Párraga,",8,15,2327,2,411 - Calle Domingo Párraga,411,23,17,-3.7118183,40.3417533,"(-3.7118183, 40.3417533)"
300,"318 - Calle Santa Pola, 22,",18,5,2329,1,"318 - Calle Santa Pola, 22",318,23,09,-3.7370276473602226,40.43205131007265,"(-3.7370276473602226, 40.43205131007265)"
301,"549 - Avd. Francisco PI y Maragall, 33,",9,10,2330,2,"549 - Avd. Francisco PI y Maragall, 33",549,19,16,-3.6503544,40.4866354,"(-3.6503544, 40.4866354)"
302,"279 - Paseo de los Melancólicos, 1,",11,12,2331,2,"279 - Paseo de los Melancólicos, 1",279,23,02,-3.7184816,40.4104448,"(-3.7184816, 40.4104448)"
303,"Calle Carmen de Burgos, 4,",6,17,2332,0,"407 - Calle Carmen de Burgos, 4",407,23,17,-3.6847883,40.3575459,"(-3.6847883, 40.3575459)"
304,"Paseo de las Yeserías, 15,",6,17,2333,0,"276 - Paseo de las Yeserías, 15",276,23,02,-3.7099166,40.39900539,"(-3.7099166, 40.39900539)"
305,"Calle Osa de la Vega, 25-103,",9,14,2335,2,"342 - Calle Osa de la Vega, 25-103",342,23,10,-3.773381,40.374979,"(-3.773381, 40.374979)"
306,"381 - Alfredo Aleix, 7,",10,14,2337,2,"381 - Alfredo Aleix, 7",381,24,11,-3.7553916,40.3684767,"(-3.7553916, 40.3684767)"
307,"444 - Calle de Valderrobollo, 18,",22,0,2339,1,"444 - Calle de Valderrebollo, 18",444,23,18,-3.6276352,40.3743481,"(-3.6276352, 40.3743481)"
308,"Avda del Ensanche de Vallecas, 80,",10,17,2340,2,"448 - Avda del Ensanche de Vallecas, 80",448,27,18,-3.599352,40.363376,"(-3.599352, 40.363376)"
309,"Calle de los Pinillas, 19,",7,20,2341,0,"472 - Calle de los Pinillas, 19",472,27,19,-3.6211485,40.3987974,"(-3.6211485, 40.3987974)"
310,"473 - Calle de Vilablanca, frente  85,",23,4,2342,1,"473 - Calle de Villablanca, frente  85",473,27,19,-3.59888007,40.40500033,"(-3.59888007, 40.40500033)"
311,"Calle San Cipriano, 124,",13,14,2343,2,"474 - Calle San Cipriano, 124",474,27,19,-3.596875,40.402255,"(-3.596875, 40.402255)"
312,"541- Avda. Gran Vía de Hortaleza, 68,",14,9,2347,2,"541 - Avda. Gran Vía de Hortaleza, 68",541,23,16,-3.6468591,40.4682706,"(-3.6468591, 40.4682706)"
313,"546 - Calle Andorra, 6,",6,17,2348,0,"546 - Calle Andorra, 6",546,23,16,-3.6467519,40.4628976,"(-3.6467519, 40.4628976)"
314,"550 - Calle del Príncipe Carlos, 54,",7,16,2349,0,"550 - Calle del Príncipe Carlos, 54",550,23,16,-3.656674,40.4941108,"(-3.656674, 40.4941108)"
315,"553 - Calle de María de Portugal, 24,",4,19,2350,0,"553 - Calle de María de Portugal, 24",553,23,16,-3.658921,40.499909,"(-3.658921, 40.499909)"
316,"601 -  Estación  Cerc. Fuencarral-El Pardo, ,",4,19,2351,0,"601 -  Estación  Cerc. Fuencarral-El Pardo, ",601,23,08,-3.6824687,40.5015588,"(-3.6824687, 40.5015588)"
317,"C. de Castiello de Jaca, 14,",9,14,2352,2,"603 - C. de Castiello de Jaca, 14",603,23,08,-3.6782027,40.5091982,"(-3.6782027, 40.5091982)"
318,"Calle Francisco de Tejada, 1,",14,10,2043,2,"326 - Calle Francisco de Tejada, 1",326,24,10,-3.739615781020349,40.40937950320982,"(-3.739615781020349, 40.40937950320982)"
319,"Calle Rafaela Ybarra, 22,Comunidad de Madrid España",10,12,2207,2,"391 - Calle Rafaela Ybarra, 22",391,23,12,-3.711296220901499,40.3817026328731,"(-3.711296220901499, 40.3817026328731)"
320,"Calle del tejo,",22,1,2305,1,272 - Calle del tejo,272,23,02,-3.679186,40.39663,"(-3.679186, 40.39663)"
321,"311 - Calle del Profesor Aranguren, 1,",16,11,2320,2,"311 - Calle del Profesor Aranguren, 1",311,27,09,-3.733574,40.448553,"(-3.733574, 40.448553)"
322,"Calle Miguel Moya nº 1,",6,21,1406,0,2 - Miguel Moya,2,27,01,-3.70569,40.4204,"(-3.70569, 40.4204)"
323,"Fernando Gabriel , 5,",6,18,2006,0,"492 - Fernando Gabriel , 5",492,24,15,-3.63949891,40.42466356,"(-3.63949891, 40.42466356)"
324,"Calle de Alan Turing,",19,4,2074,1,436 - Calle de Alan Turing,436,23,13,-3.62713659,40.3901675,"(-3.62713659, 40.3901675)"
325,"Avenida de Menéndez Pelayo nº 38,",14,13,1481,2,79 - Puerta de Granada,79,27,03,-3.6804398243230696,40.405110193977585,"(-3.6804398243230696, 40.405110193977585)"
326,"c/ Valcarlos 20,Comunidad de Madrid España",0,27,2359,0,607 - Valcarlos 20,607,27,08,-3.6641571,40.5051915,"(-3.6641571, 40.5051915)"
327,"Bardegueral 15,Comunidad de Madrid España",6,17,2360,0,610 - Bardegueral,610,23,09,-3.7719097,40.4501721,"(-3.7719097, 40.4501721)"
328,"Calle de la Isla Graciosa, 2,",11,13,2111,2,"582 -  Isla Graciosa, 2",582,24,08,-3.6862657,40.49262243,"(-3.6862657, 40.49262243)"
329,"Calle Mesón de Paredes nº 35,",3,16,1448,0,44 - Plaza de Nelson Mandela,44,19,01,-3.7038640533106593,40.40979071254635,"(-3.7038640533106593, 40.40979071254635)"
330,"Jacinto Verdaguer, 12,",11,13,2328,2,354 - Jacinto Verdaguer,354,24,11,-3.7160526116262793,40.39593854704345,"(-3.7160526116262793, 40.39593854704345)"
331,"Calle de Úbeda,  27,",13,11,2258,2,"600 - Ubeda,  27",600,24,08,-3.7149566,40.4825507,"(-3.7149566, 40.4825507)"
332,"Avenida Moratalaz, 25,",7,17,2046,0,"459 - Avenida Moratalaz, 25",459,24,14,-3.66000272,40.40750626,"(-3.66000272, 40.40750626)"
333,"Calle del Cobre (Metro Arganzuela Planetario),",11,12,2017,2,268 - Calle del Cobre (M. Planetario),268,23,02,-3.689031463575172,40.39338327980599,"(-3.689031463575172, 40.39338327980599)"
334,"Calle de la Via,",21,3,2042,1,"355 - Calle de la Via, 52",355,24,11,-3.7182338,40.3854641,"(-3.7182338, 40.3854641)"
335,"Calle Mártires Concepcionistas nº 2,",18,9,1512,2,108 - Mártires Concepcionistas,108,27,04,-3.670652,40.427402,"(-3.670652, 40.427402)"
336,"Calle Arcipreste de Hita nº 10,",6,17,1515,0,111a - Arcipreste de Hita A,111a,23,07,-3.7175248,40.4336027,"(-3.7175248, 40.4336027)"
337,"Calle Arcipreste de Hita nº 12,",13,10,1516,2,111b - Arcipreste de Hita B,111b,23,07,-3.7177434,40.433913,"(-3.7177434, 40.433913)"
338,"Paseo de Moret nº 11,",11,12,1517,2,112 - Paseo de Moret,112,23,09,-3.724736,40.4326901,"(-3.724736, 40.4326901)"
339,"Paseo del Pintor Rosales frente al nº 38,",16,8,1518,2,113 - Pintor Rosales,113,24,09,-3.7207263,40.427538,"(-3.7207263, 40.427538)"
340,"Calle Quintana nº 13,",17,6,1519,1,114 - Quintana,114,23,09,-3.7174631,40.4278379,"(-3.7174631, 40.4278379)"
341,"Calle Evaristo San Miguel nº 2,",15,8,1520,2,115 - Ferraz,115,23,09,-3.7170515055225373,40.42531476841791,"(-3.7170515055225373, 40.42531476841791)"
342,"Plaza de España,",1,17,1521,0,116A - Plaza de España,116A,18,09,-3.713043,40.423679,"(-3.713043, 40.423679)"
343,"Calle de los Reyes,",11,7,1522,2,116B - Calle Reyes 10,116B,18,01,-3.71046,40.423684,"(-3.71046, 40.423684)"
344,"Calle Altamirano nº 24,",16,7,1523,2,117 - Altamirano,117,23,09,-3.7188898,40.4309797,"(-3.7188898, 40.4309797)"
345,"Calle Juan Martín el Empecinado nº 16,",5,18,1524,0,118 - Juan Martín,118,23,02,-3.6882407,40.400781,"(-3.6882407, 40.400781)"
346,"Calle Méndez Álvaro nº 11,",12,11,1525,2,119 - Méndez Álvaro,119,23,02,-3.6862653,40.4012905,"(-3.6862653, 40.4012905)"
347,"Calle Palos de la Frontera nº 27,",15,12,1526,2,120 - Palos de la Frontera,120,27,02,-3.6948251018524214,40.403090451430614,"(-3.6948251018524214, 40.403090451430614)"
348,"Paseo de Santa María de la Cabeza nº 58,",9,16,1527,2,121 - Santa María de la Cabeza,121,27,02,-3.6986027,40.4017487,"(-3.6986027, 40.4017487)"
349,"Calle Santa Engracia nº 14,",11,12,1528,2,122 - Santa Engracia 14,122,23,07,-3.6963659,40.4295362,"(-3.6963659, 40.4295362)"
350,"Calle Guzmán el Bueno nº 1,",8,19,1529,0,123 - Guzmán el Bueno,123,27,07,-3.7133412,40.4306458,"(-3.7133412, 40.4306458)"
351,"Calle Manuel Silvela nº 20,",22,5,1530,1,124 - Manuel Silvela,124,27,07,-3.6993695,40.430969,"(-3.6993695, 40.430969)"
352,"Calle San Delfín nº 9,",6,12,1634,2,228 - San Delfín,228,18,11,-3.7080429728445563,40.39440607959559,"(-3.7080429728445563, 40.39440607959559)"
353,"Calle Jose del Hierro nº 5,",11,12,1635,2,229 - C.D. Concepción,229,23,15,-3.6486508,40.4369378,"(-3.6486508, 40.4369378)"
354,"Calle Carlota O'Neill nº 32,",9,15,1636,2,230 - Carlota O’Neill,230,24,15,-3.6488254,40.4436792,"(-3.6488254, 40.4436792)"
355,"Calle Derechos Humanos nº 12,",11,13,1637,2,231 - Derechos Humanos,231,24,15,-3.6557193,40.4398283,"(-3.6557193, 40.4398283)"
356,"Calle José María de Pereda nº 1,",18,9,1638,2,232 - José María Pereda,232,27,15,-3.6486169,40.4327663,"(-3.6486169, 40.4327663)"
357,"Avenida Marqués de Corbera nº 12,",3,21,1639,0,233 - Marqués de Corbera 12,233,24,15,-3.6555789,40.4229522,"(-3.6555789, 40.4229522)"
358,"Avenida Marqués de Corbera nº 52,",14,10,1640,2,234 - Marqués de Corbera 52,234,24,15,-3.6510917,40.4261278,"(-3.6510917, 40.4261278)"
359,"Calle Sodio nº 1B,",8,15,1641,2,235 - Embajadores 191,235,23,02,-3.691076,40.389041,"(-3.691076, 40.389041)"
360,"Paseo Imperial nº 20,",18,9,1642,2,236 - Paseo Imperial,236,27,02,-3.7170785,40.4075794,"(-3.7170785, 40.4075794)"
361,"Calle San Germán nº 5,",2,22,1644,0,238 - San Germán 5,238,24,06,-3.6932611,40.4561825,"(-3.6932611, 40.4561825)"
362,"Calle Francos Rodríguez nº 62,",3,20,1645,0,239 - Francos Rodríguez,239,23,06,-3.7078331,40.4567132,"(-3.7078331, 40.4567132)"
363,"Avenida de Brasilia frente al nº 9,",3,20,1646,0,240 - Avenida Brasilia,240,23,04,-3.66096,40.43666,"(-3.66096, 40.43666)"
364,"Avenida de Camilo José Cela nº 23,",2,21,1647,0,241 - Camilo José Cela,241,23,04,-3.66779,40.4378,"(-3.66779, 40.4378)"
365,"Avenida Bruselas nº 56,",9,14,1648,2,242 - Avenida Bruselas,242,23,04,-3.662928,40.439513,"(-3.662928, 40.439513)"
366,"Calle Cartagena nº 34,",9,14,1649,2,243 - Cartagena,243,23,04,-3.67012,40.43503,"(-3.67012, 40.43503)"
367,"Calle Isaac Peral nº 44,",12,11,1650,2,244 - Hospital Clínico,244,23,07,-3.71757,40.44003,"(-3.71757, 40.44003)"
368,"Calle Galileo nº 63,",10,14,1651,2,245 - Galileo,245,24,07,-3.7101381,40.4363637,"(-3.7101381, 40.4363637)"
369,"Calle Santa Engracia nº 87,",10,17,1652,2,246 - Santa Engracia 87,246,27,07,-3.6992484724046637,40.43595788149785,"(-3.6992484724046637, 40.43595788149785)"
370,"Calle Zurbano nº 90,",7,16,1653,0,247 - Zurbano,247,23,07,-3.69281,40.43837,"(-3.69281, 40.43837)"
371,"Calle Sinesio Delgado nº 2,",11,16,1654,2,248 - Torre Cepsa,248,27,08,-3.6879973,40.4743209,"(-3.6879973, 40.4743209)"
372,"Paseo de la Castellana nº 298,",17,7,1655,1,249 - Manuel Caldeiro,249,24,05,-3.6853186,40.4795018,"(-3.6853186, 40.4795018)"
373,"Calle Rodríguez Jaén nº 40,",6,17,1658,0,252 - Chamartín,252,23,05,-3.6839695,40.4717403,"(-3.6839695, 40.4717403)"
374,"Calle Doctor Fleming nº 7,",6,13,1659,0,253 - Doctor Fleming,253,19,05,-3.68844,40.45546,"(-3.68844, 40.45546)"
375,"Calle General López Pozas nº 2,",9,14,1661,2,255 - López Pozas,255,23,05,-3.685292,40.46361,"(-3.685292, 40.46361)"
376,"Calle Beatriz de Bobadilla frente al nº 2,",15,8,1662,2,256 - Reina Victoria,256,23,09,-3.71383,40.44635,"(-3.71383, 40.44635)"
377,"Avenida Juan de Herrera frente a la calle Paul Guinard,",1,22,1663,0,257 - INEF,257,23,09,-3.730527,40.438873,"(-3.730527, 40.438873)"
378,"Avenida de la Complutense (Metro Ciudad Universitaria),",12,12,1664,2,258 - Ciudad Universitaria 1,258,24,09,-3.726939,40.444311,"(-3.726939, 40.444311)"
379,"Avenida de la Complutense (Metro Ciudad Universitaria),",5,14,1665,0,259 - Ciudad Universitaria 2,259,19,09,-3.726752004160312,40.44270528449462,"(-3.726752004160312, 40.44270528449462)"
380,"Avenida Complutense nº 23,",14,9,1667,2,261 - Facultad Derecho,261,23,09,-3.7296756,40.4505516,"(-3.7296756, 40.4505516)"
381,"Amparo Usera , 46,",20,3,1951,1,"384 - Amparo Usera , 46",384,23,12,-3.7061449,40.38707469,"(-3.7061449, 40.38707469)"
382,"Doctor Tolosa Latour, 7,",23,0,1952,1,"388 - Doctor Tolosa Latour, 7",388,23,12,-3.70041478,40.37837955,"(-3.70041478, 40.37837955)"
383,"Calle Campotejar , 25,",18,4,1953,1,"385 - Calle Campotejar , 25",385,23,12,-3.70388671,40.36721104,"(-3.70388671, 40.36721104)"
384,"Avenida de la Perla, 35,",18,5,1955,1,"383 - Avenida de la Perla, 35",383,23,12,-3.6939702,40.3700017,"(-3.6939702, 40.3700017)"
385,"Avenida de los Poblados, 130,",15,8,1956,2,"386 - Avenida de los Poblados, 130",386,23,12,-3.71331521,40.37347443,"(-3.71331521, 40.37347443)"
386,"Avenida Ramon y Cajal, 101,",5,18,1957,0,"476 - Avenida Ramon y Cajal, 101",476,23,15,-3.662016,40.453493,"(-3.662016, 40.453493)"
387,"Misterios,1,",22,1,1958,1,"477 - Misterios, 1",477,23,15,-3.638904,40.438278,"(-3.638904, 40.438278)"
388,"Jose del Hierro , 69,",15,8,1959,2,"478 - Jose del Hierro , 69",478,23,15,-3.6410572,40.44152084,"(-3.6410572, 40.44152084)"
389,"Angel Muñoz, 1,",16,11,1960,2,"479 - Angel Muñoz, 1",479,27,15,-3.6558371312827975,40.45478362295884,"(-3.6558371312827975, 40.45478362295884)"
390,"Vicente Muzas, 12,",2,21,1961,0,"480 - Vicente Muzas, 12",480,23,15,-3.66044255,40.45903315,"(-3.66044255, 40.45903315)"
391,"Diego Ayllon, 2,",1,22,1962,0,"481 - Diego Ayllon, 2",481,23,15,-3.65219063,40.45117857,"(-3.65219063, 40.45117857)"
392,"Calle Velero (metro el capricho), 17,Comunidad de Madrid España",16,11,1963,2,"554 - Calle Velero (metro el capricho), 17",554,27,21,-3.5941,40.453,"(-3.5941, 40.453)"
393,"Avenida Burgos, 17,",5,18,1964,0,"284 - Avenida Burgos, 17",284,23,05,-3.6757900294303902,40.473593878889254,"(-3.6757900294303902, 40.473593878889254)"
394,"Campuzano, 1,",12,11,1965,2,"482 - Campuzano, 1",482,23,15,-3.6424,40.4359,"(-3.6424, 40.4359)"
395,"Calle Marcelino Alvarez, 35,",8,15,1966,2,"483 - Calle Marcelino Alvarez, 35",483,23,15,-3.6534324,40.4297428,"(-3.6534324, 40.4297428)"
396,"Calle Luis Campos, 3,",3,20,1967,0,"484 - Calle Luis Campos, 3",484,23,15,-3.632389,40.42893071,"(-3.632389, 40.42893071)"
397,"Calle Santa Maria Magdalena, 15,",9,13,1969,2,"285 - Calle Santa Maria Magdalena, 15",285,23,05,-3.6706,40.4631,"(-3.6706, 40.4631)"
398,"Plaza Duque Pastrana, 1,",9,14,1970,2,286 - Plaza Duque Pastrana 1,286,23,05,-3.6779,40.4679,"(-3.6779, 40.4679)"
399,"Calle de la Yuca, 1,",3,20,1971,0,"287 - Calle de la Yuca, 1",287,23,05,-3.6762,40.4765,"(-3.6762, 40.4765)"
400,"Memorial 11 Marzo de 2004, 28,",0,23,1972,0,"288 - Memorial 11 Marzo de 2004, 28",288,23,05,-3.6723,40.4664,"(-3.6723, 40.4664)"
401,"Glorieta Luis Rosales, sn,",2,21,1973,0,"524 - Glorieta Luis Rosales, sn",524,23,16,-3.6543,40.4673,"(-3.6543, 40.4673)"
402,"Luis de Hoyos Sainz, 198,",3,20,1975,0,455 - Luis de Hoyos Sainz  198,455,23,14,-3.62927465,40.400094,"(-3.62927465, 40.400094)"
403,"Encomienda de Palacios, 8,",15,7,1976,2,"456 - Encomienda de Palacios, 8",456,23,14,-3.6464,40.4005,"(-3.6464, 40.4005)"
404,"Calle Ramirez Tome, 31,",13,14,1977,2,"416 - Calle Ramirez Tome, 31",416,27,13,-3.6459739361763055,40.38875618103898,"(-3.6459739361763055, 40.38875618103898)"
405,"Calle de Romeo y Julieta, 12,",12,15,1978,2,"417 - Calle de Romeo y Julieta, 12",417,27,13,-3.66217563,40.37873799,"(-3.66217563, 40.37873799)"
406,"Calle Puerto de Arlaban, 83,",6,20,1979,0,"418 - Calle Puerto de Arlaban, 83",418,27,13,-3.6675,40.3864,"(-3.6675, 40.3864)"
407,"Calle Cronos , 14,",9,18,1980,2,"496 - Calle Cronos , 14",496,27,20,-3.6194333,40.4384695,"(-3.6194333, 40.4384695)"
408,"Calle Alcala, 590,",23,0,1983,1,"499 - Calle Alcala, 590",499,23,20,-3.6121996,40.4466561,"(-3.6121996, 40.4466561)"
409,"Calle Aracne, 17,",26,1,1984,1,"500 - Calle Aracne, 17",500,26,20,-3.5895,40.445,"(-3.5895, 40.445)"
410,"Calle Alcalá, 506,",8,15,1985,2,"497 - Calle Alcala, 506",497,23,20,-3.6274,40.4407,"(-3.6274, 40.4407)"
411,"Calle Comandante Fontanes, 1,",18,5,1987,1,"351 - Calle Comandante Fontanes, 1",351,23,11,-3.7211209,40.3951415,"(-3.7211209, 40.3951415)"
412,"Calle de Ervigio,",12,11,1988,2,350 - Calle de Ervigio,350,23,11,-3.7315,40.3947,"(-3.7315, 40.3947)"
413,"Calle de la Avena, 10,",11,12,1990,2,"390 - Calle de la Avena, 10",390,23,12,-3.7159,40.3773,"(-3.7159, 40.3773)"
414,"Avenida de Cantabria, 6,",19,5,1991,1,"556 - Avenida de Cantabria, 6",556,24,21,-3.58772201,40.45462514,"(-3.58772201, 40.45462514)"
415,"Paseo de la Alameda de Osuna, 48,",24,3,1992,1,"555 - Paseo de la Alameda de Osuna, 48",555,27,21,-3.59812171,40.45476837,"(-3.59812171, 40.45476837)"
416,"Francisco Villaespesa, 39,",8,15,1993,2,485 - Francisco Villaespesa  39,485,23,15,-3.6464629,40.4293263,"(-3.6464629, 40.4293263)"
417,"Calle Arzobispo Morcillo, 6,",12,15,1994,2,"570 - Calle Arzobispo Morcillo, 6",570,27,08,-3.6938,40.4815,"(-3.6938, 40.4815)"
418,"Calle de Costa Verde, 24,",6,17,1996,0,"296 - Calle de Costa Verde, 24",296,23,06,-3.696862,40.469477,"(-3.696862, 40.469477)"
419,"Calle Simancas, 2,",4,19,1997,0,"297 - Calle Simancas, 2",297,23,06,-3.69511298,40.4655,"(-3.69511298, 40.4655)"
420,"Avenida Pío XII nº 3,",3,20,1660,0,254 - Pío XII,254,23,05,-3.67656,40.461,"(-3.67656, 40.461)"
421,"Calle Fernández de la Hoz nº 29,",9,18,1531,2,125 - General Martínez Campos ,125,27,07,-3.6948,40.4353,"(-3.6948, 40.4353)"
422,"Calle del General Álvarez de Castro nº 1,",19,8,1532,1,126 - General Álvarez de Castro,126,27,07,-3.7018044,40.4345976,"(-3.7018044, 40.4345976)"
423,"Calle Fernando el Católico nº 19,",1,26,1533,0,127 - Fernando el Católico,127,27,07,-3.708439,40.4338516,"(-3.708439, 40.4338516)"
424,"Calle Cea Bermúdez nº 59,",20,7,1534,1,128 - Cea Bermúdez,128,27,07,-3.7154,40.4392,"(-3.7154, 40.4392)"
425,"Calle José Abascal nº 33,",4,23,1535,0,129 - José Abascal,129,27,07,-3.6982353,40.4383865,"(-3.6982353, 40.4383865)"
426,"Calle Santa Engracia nº 127,",3,20,1536,0,130 - Santa Engracia 127,130,23,07,-3.70164,40.44156,"(-3.70164, 40.44156)"
427,"Calle Bravo Murillo nº 44,",14,9,1537,2,131 - Bravo Murillo 44,131,23,07,-3.70403123,40.4417884,"(-3.70403123, 40.4417884)"
428,"Calle Santa Engracia nº 168,",10,17,1538,2,132 - Glorieta de los Cuatro Caminos,132,27,07,-3.703605250412747,40.446377501314885,"(-3.703605250412747, 40.446377501314885)"
429,"Calle Raimundo Fernández Villaverde nº 33,",1,23,1539,0,133 - Raimundo Fernández,133,24,06,-3.7001669,40.447125,"(-3.7001669, 40.447125)"
430,"Calle María de Guzmán nº 58,",12,11,1540,2,134 - Agustín de Betancourt,134,23,07,-3.6955687,40.4441818,"(-3.6955687, 40.4441818)"
431,"Paseo de la Castellana nº 106,",10,13,1542,2,136 - Castellana 106,136,23,05,-3.690769,40.4451244,"(-3.690769, 40.4451244)"
432,"Calle José Gutiérrez Abascal nº 2,",2,22,1545,0,"139 - Calle José Gutiérrez Abascal,2",139,24,05,-3.690419307270818,40.43939562033124,"(-3.690419307270818, 40.43939562033124)"
433,"Calle Velázquez nº 130,",17,10,1546,2,140 - Velázquez 130,140,27,05,-3.6830583,40.4387566,"(-3.6830583, 40.4387566)"
434,"Calle General Pardiñas nº 56,",4,19,1549,0,186 - General Pardiñas,186,23,04,-3.6783016,40.4289804,"(-3.6783016, 40.4289804)"
435,"Calle Juan Bravo nº 50,",13,14,1550,2,144 - Juan Bravo 50,144,27,04,-3.675556,40.4324081,"(-3.675556, 40.4324081)"
436,"Calle Ortega y Gasset nº 87,",10,13,1551,2,145 - Ortega y Gasset 87,145,23,04,-3.6712823,40.429887,"(-3.6712823, 40.429887)"
437,"Calle María Francisca nº 3,",2,17,1552,0,146 - María Francisca 1,146,19,05,-3.6788499,40.4442541,"(-3.6788499, 40.4442541)"
438,"Calle Orense nº 12,",16,11,1557,2,151 - Orense 12,151,27,06,-3.6953592650123657,40.44881224951987,"(-3.6953592650123657, 40.44881224951987)"
439,"Avenida del General Perón frente al nº 4,",4,19,1558,0,152 - General Perón 1,152,23,06,-3.6989,40.4525,"(-3.6989, 40.4525)"
440,"Avenida del General Perón frente al nº 36,",6,17,1559,0,153 - General Perón con Poeta Joan Maragall,153,23,06,-3.6936,40.4523,"(-3.6936, 40.4523)"
441,"Calle Orense nº 36,",2,22,1560,0,154 - Orense 36,154,24,06,-3.6946218,40.4548456,"(-3.6946218, 40.4548456)"
442,"Calle Sor Ángela de la Cruz nº 2,",18,6,1562,1,156 - Sor Ángela de la Cruz,156,24,06,-3.691533,40.4592351,"(-3.691533, 40.4592351)"
443,"Avenida de Alberto Alcocer nº 22,",8,15,1564,2,158 - Alberto Alcocer,158,23,05,-3.684625,40.45869,"(-3.684625, 40.45869)"
444,"Paseo de la Florida nº 8,",21,6,1567,1,161 - Paseo de la Florida,161,27,09,-3.7220993214090403,40.422192474165534,"(-3.7220993214090403, 40.422192474165534)"
445,"Paseo de los Olmos nº 28,",6,16,1568,0,162 - Metro Pirámides,162,23,02,-3.7105765,40.4034968,"(-3.7105765, 40.4034968)"
446,"Paseo de la Esperanza nº 2,",16,3,1569,1,163 - Paseo de la Esperanza,163,19,02,-3.706445,40.4037586,"(-3.706445, 40.4037586)"
447,"Paseo de las Delicias nº 94,",14,13,1570,2,164 - Paseo de las Delicias,164,27,02,-3.69461,40.39723,"(-3.69461, 40.39723)"
448,"Paseo de la Chopera nº 14,",14,29,1571,0,165 - Entrada Matadero,165,43,02,-3.697596,40.392888,"(-3.697596, 40.392888)"
449,"Calle Segovia nº 45,",12,15,1573,2,167 - Segovia 45,167,27,02,-3.71748917032373,40.41374770742206,"(-3.71748917032373, 40.41374770742206)"
450,"Paseo Santa María de la Cabeza nº 29,",7,16,1574,0,168 - Batalla del Salado,168,23,02,-3.6959,40.4046,"(-3.6959, 40.4046)"
451,"Paseo de la Esperanza nº 21,",17,7,1576,1,170 - Paseo de la Esperanza,170,24,02,-3.7043956,40.4010554,"(-3.7043956, 40.4010554)"
452,"Calle Embajadores nº 97,",10,17,1577,2,171 - Embajadores-Cáceres,171,27,02,-3.6984023,40.3997013,"(-3.6984023, 40.3997013)"
453,"Paseo de la Esperanza nº 59,",14,10,1579,2,173 - Puente Praga,173,24,02,-3.7024839,40.3983467,"(-3.7024839, 40.3983467)"
454,"Paseo de Yeserías nº 45,",1,26,1580,0,174 - Madrid Río-Yeserías,174,27,02,-3.7065258846557603,40.39742958306358,"(-3.7065258846557603, 40.39742958306358)"
455,"Calle Jaime el Conquistador nº 30,",19,0,1581,1,175 - Jaime el Conquistador,175,19,02,-3.69834452,40.3962264,"(-3.69834452, 40.3962264)"
456,"Calle Alicante nº 2a,",0,0,1582,3,176 - Beata,176,23,02,-3.6939412,40.3941856,"(-3.6939412, 40.3941856)"
457,"Calle Bolívar nº 3,",16,7,1583,2,177 - Legazpi,177,23,02,-3.6941876374343896,40.391447085678806,"(-3.6941876374343896, 40.391447085678806)"
458,"Calle Retama nº 5,",10,13,1586,2,180 - Méndez Álvaro,180,23,02,-3.67589,40.3940423,"(-3.67589, 40.3940423)"
459,"Calle Ibiza nº 18,",12,15,1587,2,181 - Retiro-Ibiza,181,27,03,-3.676443540475469,40.41816932665331,"(-3.676443540475469, 40.41816932665331)"
460,"Calle Alcalde Sáinz de Baranda frente al nº 107,",14,9,1588,2,182 - Parque Roma,182,23,03,-3.6657777,40.4186666,"(-3.6657777, 40.4186666)"
461,"Calle Hermosilla nº 135,",7,16,1589,0,183 - Doctor Esquerdo-Hermosilla,183,23,04,-3.669339,40.425635,"(-3.669339, 40.425635)"
462,"Paseo Marqués de Zafra nº 24,",2,22,1590,0,184 - Marqués de Zafra,184,24,04,-3.6653055,40.426,"(-3.6653055, 40.426)"
463,"Calle Sancho Dávila esquina Paseo Marqués de Zafra,",10,14,1591,2,185 - Quinta Fuente del Berro,185,24,04,-3.6615277,40.4250833,"(-3.6615277, 40.4250833)"
464,"Calle Diego de Leon, 52,",11,12,1592,2,143 - Diego de Leon 52,143,23,04,-3.6780802,40.434676,"(-3.6780802, 40.434676)"
465,"Calle Alejandro González nº 1,",6,17,1593,0,187 - Alcalá-Ventas,187,23,04,-3.6638249,40.4301326,"(-3.6638249, 40.4301326)"
466,"Avenida de Daroca nº 2,",12,15,1594,2,188 - Puente de Ventas,188,27,15,-3.6590286,40.4312562,"(-3.6590286, 40.4312562)"
467,"Calle Virgen de la Alegría nº 18,",14,8,1595,2,189 - Avenida Donostiarra,189,23,15,-3.6554918,40.4351256,"(-3.6554918, 40.4351256)"
468,"Calle Velázquez nº 91,",19,4,1596,1,190 - Velázquez-Diego de León,190,23,04,-3.6833753,40.4343053,"(-3.6833753, 40.4343053)"
469,"Calle Alonso Heredia nº 1,",2,17,1597,0,191 - Diego de león,191,19,04,-3.6740777840614403,40.434569387142616,"(-3.6740777840614403, 40.434569387142616)"
470,"Avenida de los Toreros nº 3,",19,8,1598,1,192 - Avenida de los Toreros,192,27,04,-3.6714677183853106,40.431826464468664,"(-3.6714677183853106, 40.431826464468664)"
471,"Avenida de los Toreros nº 49,",1,26,1599,0,193 - Ventas,193,27,04,-3.6655555,40.4324722,"(-3.6655555, 40.4324722)"
472,"Calle Francisco Silvela nº 86,",7,17,1600,0,194 - Avenida de América 2,194,24,04,-3.6771535,40.4372638,"(-3.6771535, 40.4372638)"
473,"Calle Padre Indalecio Hernández nº 1,",2,22,1601,0,195 - Avenida de América 1,195,24,05,-3.6754444,40.4392222,"(-3.6754444, 40.4392222)"
474,"Calle Suero de Quiñones nº 3,",1,26,1602,0,196 - Prosperidad,196,27,05,-3.6752218,40.4442237,"(-3.6752218, 40.4442237)"
475,"Avenida de Concha Espina nº 34,",12,11,1603,2,197 - Parque Berlín,197,23,05,-3.677916,40.4516059,"(-3.677916, 40.4516059)"
476,"Glorieta de Quevedo nº 5,",6,18,1606,0,200 - Quevedo,200,24,07,-3.7045789811585417,40.43375360585919,"(-3.7045789811585417, 40.43375360585919)"
477,"Calle General Ampudia nº 2,",16,8,1609,2,203 - San Francisco de Sales,203,24,07,-3.7144722,40.44175,"(-3.7144722, 40.44175)"
478,"Calle Doctor Santero nº 1,",8,15,1610,2,204 - Cuatro Caminos 2,204,23,06,-3.7040397,40.4476488,"(-3.7040397, 40.4476488)"
479,"Calle Navarra nº 1,",2,21,1611,0,205 - Estrecho,205,23,06,-3.7032777,40.4535,"(-3.7032777, 40.4535)"
480,"Calle Azucenas nº 1,",2,17,1613,0,207 - Remonta,207,19,06,-3.6973352,40.4630443,"(-3.6973352, 40.4630443)"
481,"Paseo de la Castellana nº 216,",5,13,1614,0,208 - Plaza de Castilla,208,18,05,-3.6890611,40.4662811,"(-3.6890611, 40.4662811)"
482,"Paseo Castellana (Fundación Canal),",12,11,1615,2,209 - Plaza de Castilla 2,209,23,05,-3.6887,40.4657,"(-3.6887, 40.4657)"
483,"Calle Antonio López nº 129,",10,13,1619,2,213 - Glorieta de Cádiz,213,23,12,-3.7002247,40.3889918,"(-3.7002247, 40.3889918)"
484,"Calle Condesa de Venadito nº 2,",17,7,1620,1,214 - Condesa de Venadito,214,24,15,-3.6569031,40.4434316,"(-3.6569031, 40.4434316)"
485,"Calle Gutierre de Cetina nº 77,",15,8,1621,2,215 - Gutierre de Cetina,215,23,15,-3.6408093,40.429588,"(-3.6408093, 40.429588)"
486,"Plaza Puerta del Ángel nº 4,",16,11,1622,2,216 - Puerta del Ángel,216,27,10,-3.72897,40.4141,"(-3.72897, 40.4141)"
487,"Calle Pedro Rico nº 6,",15,7,1623,2,217 - Pedro Rico,217,23,08,-3.6890758,40.480884,"(-3.6890758, 40.480884)"
488,"Calle Camino de los Vinateros nº 28,",12,11,1624,2,218 - Camino Vinateros,218,23,14,-3.6572967,40.4105478,"(-3.6572967, 40.4105478)"
489,"Calle Arroyo de las Pilillas nº 6,",5,19,1626,0,220 - Plaza del Encuentro,220,24,14,-3.651384,40.406156,"(-3.651384, 40.406156)"
490,"Calle Hacienda de Pavones nº 342,",9,14,1627,2,221 - Pavones,221,23,14,-3.634744478732248,40.400492026660594,"(-3.634744478732248, 40.400492026660594)"
491,"Calle Eugenio Caxes frente al nº 12,",10,13,1628,2,222 - Antonio López,222,23,12,-3.7026789,40.3917871,"(-3.7026789, 40.3917871)"
492,"Paseo de la Ermita del Santo nº 48,",4,23,1629,0,223 - Ermita Santo,223,27,10,-3.724576,40.406448,"(-3.724576, 40.406448)"
493,"Calle Caramuel nº 51,",20,7,1630,1,224 - Caramuel,224,27,10,-3.7287,40.409,"(-3.7287, 40.409)"
494,"Calle Sierra Toledana nº 33,",6,17,1631,0,225 - Doctor Lozano,225,24,13,-3.660345,40.402506,"(-3.660345, 40.402506)"
495,"Camino de Valderribas nº 94,",12,11,1632,2,226 - Sierra Toledana,226,23,13,-3.6607768678037744,40.39901531507069,"(-3.6607768678037744, 40.39901531507069)"
496,"Isabelita Usera, 44,",9,14,1954,2,"387 - Isabelita Usera, 44",387,23,12,-3.70773972,40.38272256,"(-3.70773972, 40.38272256)"
497,"5568 - Avda. del Partenón, 6,",13,14,2241,2,"568 - Avda. del Partenón, 6",568,27,21,-3.6178336,40.4632802,"(-3.6178336, 40.4632802)"
498,"Arroyo Bueno, 53,",5,22,2040,0,"404 -  Arroyo Bueno, 53",404,27,17,-3.710985,40.349111,"(-3.710985, 40.349111)"
499,"Glorieta Marqués de Vadillo nº 9,",17,10,1618,2,212 - Marqués de Vadillo,212,27,11,-3.716591,40.398247,"(-3.716591, 40.398247)"
500,"Calle de Avefria, 26,",16,7,2141,2,"370 - Calle de Avefria, 26",370,23,11,-3.7308025,40.38386939,"(-3.7308025, 40.38386939)"
501,"Fuente Carrantona , 33,",5,21,1974,0,"460 - Fuente Carrantona , 33",460,27,14,-3.63192261,40.4070216,"(-3.63192261, 40.4070216)"
502,"Calle norte nº 8,",4,15,1419,0,15 - Norte,15,19,01,-3.7074453,40.4262383,"(-3.7074453, 40.4262383)"
503,"Calle San Germán nº 57,",16,7,1561,2,155 - San Germán 57,155,23,06,-3.700930190178302,40.4573342300643,"(-3.700930190178302, 40.4573342300643)"
504,"Calle Gran Via del Sureste, 22,",22,5,2191,1,"454 - Gran Via del Sureste, 22",454,26,18,-3.5897045,40.3631604,"(-3.5897045, 40.3631604)"
505,"Calle O'Donnell nº 50,",8,19,1466,0,62 - O'Donnell,62,27,03,-3.6724968,40.4213148,"(-3.6724968, 40.4213148)"
506,"467 -  Calle Villardondiego frente,  32,",12,12,2261,2,467 -  Calle Villardondiego  32,467,24,19,-3.6084888,40.4062361,"(-3.6084888, 40.4062361)"
507,"Calle Hernani, 59,",6,17,1995,0,"295 - Calle Hernani, 59",295,23,06,-3.6972,40.4481,"(-3.6972, 40.4481)"
508,"Calle Segovia nº 26,",10,17,1572,2,166 - Segovia 26,166,27,01,-3.7133770233135133,40.41390473235381,"(-3.7133770233135133, 40.41390473235381)"
509,"Calle del Sorbe , 20,",5,19,2070,0,"357 - Calle del Sorbe , 20",357,24,11,-3.71320917,40.3898701,"(-3.71320917, 40.3898701)"
510,"Avenida del Mediterráneo nº 19,",15,9,1478,2,76 - Puerta de Mariano de Cavia,76,24,03,-3.675102,40.407271,"(-3.675102, 40.407271)"
511,"Calle Francisco Balseiro nº 1,",0,0,1643,3,xxx - 237 - Pablo Iglesias,xxx,0,06,-3.710525,40.451333,"(-3.710525, 40.451333)"
512,"237- calle Francisco Balseiro,Comunidad de Madrid España",15,9,2362,2,237 -  calle Francisco Balseiro,237,24,06,-3.7102736,40.4516819,"(-3.7102736, 40.4516819)"
513,"Calle José Abascal frente al nº 2,",17,6,1607,1,201 - Canal,201,23,07,-3.7038333,40.4386944,"(-3.7038333, 40.4386944)"
514,"Calle Albelda, 6,",17,6,2316,1,"528 - Albelda, 6",528,24,15,-3.6573666,40.4494225,"(-3.6573666, 40.4494225)"
515,"Calle Ariel, 7,",17,7,2064,1,"269 - Calle Ariel, 7",269,24,02,-3.67970176633988,40.393023802369754,"(-3.67970176633988, 40.393023802369754)"
516,"Calle Pío Baroja nº 10,",11,12,1486,2,83 - Pío Baroja,83,23,03,-3.6744795,40.4132995,"(-3.6744795, 40.4132995)"
517,"Plaza de San Miguel nº 9,",12,12,1413,2,9 - Plaza de San Miguel,9,24,01,-3.7095084,40.4156057,"(-3.7095084, 40.4156057)"
518,"Calle Alcalá, 546,",17,10,1982,2,"498 - Calle Alcala, 546",498,27,20,-3.6178317,40.44313349999999,"(-3.6178317, 40.44313349999999)"
519,"Calle Santander esquina con Avenida de Filipinas,",12,15,1608,2,202 - Parque Santander,202,27,07,-3.7083,40.4413,"(-3.7083, 40.4413)"
520,"565- Playa de Riazor, 66,",21,3,2260,1,"565 - Playa de Riazor, 66",565,24,21,-3.5838869,40.47563573,"(-3.5838869, 40.47563573)"
521,"Avenida del Doctor Arce nº 45,",7,16,1553,0,147 - Doctor Arce 45,147,23,05,-3.6794,40.4484,"(-3.6794, 40.4484)"
522,"Calle del Arroyo Belincoso, 26,",4,20,2045,0,"458 - Calle del Arroyo Belincoso, 26",458,24,14,-3.65256604,40.40991083,"(-3.65256604, 40.40991083)"
523,"Paseo de Marcelino Camacho, 53B,",11,12,2134,2,"366 - Paseo de Marcelino Camacho, 53B",366,23,11,-3.744521,40.387737,"(-3.744521, 40.387737)"
524,"Francisco Suarez, 28,",9,14,2104,2,"290 - Francisco Suarez, 28",290,23,05,-3.67994416,40.46437817,"(-3.67994416, 40.46437817)"
525,"Calle Toledo nº 181,",19,5,1575,1,169 - Pirámides,169,24,02,-3.713823,40.401589,"(-3.713823, 40.401589)"
526,"Hermanos Garcia Noblejas, 133,",20,3,1981,1,501 - Hermanos Garcia Noblejas 133,501,23,20,-3.6242,40.4191,"(-3.6242, 40.4191)"
527,"Calle del Marqués de Cubas nº 25,",16,7,1433,2,29 - Marqués de Cubas,29,23,01,-3.6957434,40.4163838,"(-3.6957434, 40.4163838)"
528,"Calle de la Verdad, 14c,",21,2,2004,1,"358 - Calle de la Verdad, 14c",358,23,11,-3.71716,40.391787,"(-3.71716, 40.391787)"
529,"Calle de La Granja de San Ildefonso, 14,",21,5,2188,1,"451 - Calle de La Granja de San Ildefonso, 14",451,27,18,-3.62283116,40.36813427,"(-3.62283116, 40.36813427)"
530,"Calle María de las Mercedes de Borbón, 214,",7,16,2365,0,"262 - María de las Mercedes de Borbón, 214",262,23,16,-3.620114,40.4928683,"(-3.620114, 40.4928683)"
531,"Ginzo de Limia, 36,",8,16,2051,2,575 - Ginzo de Limia  36,575,24,08,-3.703526,40.47817,"(-3.703526, 40.47817)"
532,"Calle Marqués de Viana nº 3,",17,6,1612,1,206 - Metro Tetuán,206,23,06,-3.698915521426396,40.4607466894426,"(-3.698915521426396, 40.4607466894426)"
533,"Manuel Noya , 29,",5,19,2033,0,"393 - Manuel Noya , 29",393,24,12,-3.7117979,40.3853787,"(-3.7117979, 40.3853787)"
534,"Calle de López de Hoyos, 478,",8,15,2105,2,"529 - Lopez de Hoyos , 478",529,23,16,-3.649843,40.47175,"(-3.649843, 40.47175)"
535,"Calle Valencia nº 1,",14,10,1457,2,53 - Plaza de Lavapiés,53,24,01,-3.700754126389314,40.40830870823806,"(-3.700754126389314, 40.40830870823806)"
536,"Calle de San Roman del Valle, 20,",4,20,2038,0,"504 - Calle de San Roman del Valle, 20",504,24,20,-3.623466935545257,40.42309928573645,"(-3.623466935545257, 40.42309928573645)"
537,"Calle Doctor Esquerdo nº 99,",11,12,1474,2,72 - Sainz de Baranda,72,23,03,-3.6696,40.4159,"(-3.6696, 40.4159)"
538,"Av.Ventisquero de la Condesa, 39,",7,12,2150,2,"591 - Av.Ventisquero de la Condesa, 39",591,19,08,-3.71622921,40.49108225,"(-3.71622921, 40.49108225)"
539,"Julio Merino, 5,",4,19,1989,0,"389 - Julio Merino, 5",389,23,12,-3.7032,40.3831,"(-3.7032, 40.3831)"
540,"Calle José Ortega y Gasset nº 30,",11,12,1513,2,109 - Marqués de Salamanca,109,23,04,-3.6814521,40.4301245,"(-3.6814521, 40.4301245)"
541,"Calle Joaquin Turina, 49,",13,14,2145,2,"371 - Calle Joaquin Turina, 49",371,27,11,-3.76182,40.372458,"(-3.76182, 40.372458)"
542,"calle Gregorio Sánchez Herráez 14,",7,16,2291,0,544 - Gregorio Sánchez Herráez 14,544,23,16,-3.63657,40.477248,"(-3.63657, 40.477248)"
543,"564 - Avda del Partenon, 16,",12,11,2322,2,"564 - Avda del Partenon, 16",564,23,21,-3.613867,40.463861,"(-3.613867, 40.463861)"
544,"Calle Desengaño nº 1,",6,17,1617,0,211 - Desengaño,211,23,01,-3.70239,40.42059,"(-3.70239, 40.42059)"
545,"c/ Ginzo de Limia, 47,",6,17,2214,0,"2200 - 580 - Ginzo de Limia, 47",2200,23,08,-3.706904,40.48337,"(-3.706904, 40.48337)"
546,"Calle Eduardo Barreiros 114,",11,12,2288,2,409 - Calle Eduardo Barreiros 114,409,23,17,-3.7046436,40.3553495,"(-3.7046436, 40.3553495)"
547,"Calle Almadén nº 28,",12,11,1469,2,67 - Almadén,67,23,01,-3.693225,40.4108472,"(-3.693225, 40.4108472)"
548,"Avd. Ciudad de Barcelona, 2,",22,0,2274,1,"80-A - 80A - Avd. Ciudad de Barcelona, 2",80-A,23,03,-3.690538,40.407573,"(-3.690538, 40.407573)"
549,"Avd ciudad de Barcelona , 2,",27,0,2275,1,"80-B - 80B - Avd ciudad de Barcelona ,2",80-B,27,03,-3.6904748,40.4075211,"(-3.6904748, 40.4075211)"
550,"Plaza de la República Argentina nº 6,",12,12,1543,2,137 - Plaza de la República Argentina,137,24,05,-3.6853377,40.4454477,"(-3.6853377, 40.4454477)"
551,"Calle José Ortega y Gasset nº 4,",16,7,1506,2,103 - Ortega y Gasset,103,23,04,-3.686744,40.43053,"(-3.686744, 40.43053)"
552,"Cuesta de Claudio Moyano,",12,12,1484,2,81 - Cuesta de Moyano,81,24,03,-3.691833220071059,40.40934261188139,"(-3.691833220071059, 40.40934261188139)"
553,"Calle Cerro de la Plata nº 2,",16,7,1480,2,78 - Pedro Bosch,78,23,03,-3.6745240600494444,40.40063747422422,"(-3.6745240600494444, 40.40063747422422)"
554,"Calle Serrano nº 54,",15,8,1508,2,105 - Serrano 54,105,23,04,-3.6875418,40.4270832,"(-3.6875418, 40.4270832)"
555,"Calle Serrano nº 32,",11,8,2110,2,106 a - 106a- Colón A,106 a,19,04,-3.687807,40.424924,"(-3.687807, 40.424924)"
556,"Calle Serrano nº 32,",13,6,1510,2,106b - Colón B,106b,19,04,-3.68789,40.424776,"(-3.68789, 40.424776)"
557,"Calle Arroyo del Olivar nº 6,",6,18,1633,0,227 - Concordia,227,24,13,-3.6659362429356372,40.39382977920336,"(-3.6659362429356372, 40.39382977920336)"
558,"Plaza de la Independencia nº 6,",10,13,1464,2,60 - Plaza de la Independencia,60,23,03,-3.688398,40.419752,"(-3.688398, 40.419752)"
559,"Calle de Carlos Martin Alvarez, 38,",22,1,2069,1,"429 - Calle de Carlos Martin Alvarez, 38",429,23,13,-3.6635,40.3895,"(-3.6635, 40.3895)"
560,"Calle de Candilejas, 5,",8,15,2009,2,"420 - Calle de Candilejas, 5",420,23,13,-3.66300383,40.38263599,"(-3.66300383, 40.38263599)"
561,"Calle Puerto de Balbaran, 10,",13,14,2010,2,"419 - Calle Puerto de Balbaran, 10",419,27,13,-3.655868,40.3762374,"(-3.655868, 40.3762374)"
562,"Calle Serrano nº 8,",15,8,1511,2,107 - Columela,107,23,04,-3.6883841104507464,40.42156087297841,"(-3.6883841104507464, 40.42156087297841)"
563,"Avenida de Valladolid, 47G, 47,",2,25,2176,0,"314 - Avenida de Valladolid, 47G",314,27,09,-3.73068,40.42966,"(-3.73068, 40.42966)"
564,"Calle Serrano nº 113B,",14,13,1656,2,250 - Serrano 113,250,26,05,-3.6858096,40.4406491,"(-3.6858096, 40.4406491)"
565,"Calle Serrano nº 210,",13,10,1554,2,148 - Serrano 210,148,23,05,-3.6813971,40.451117,"(-3.6813971, 40.451117)"
566,"Calle de Jose de Cadalso, 62,",18,9,2186,2,"348 - Calle de Jose de Cadalso, 62",348,27,10,-3.77024778,40.37959145,"(-3.77024778, 40.37959145)"
567,"Calle de Santa Virgilia, 6,",4,19,2107,0,"531 - Calle de Santa Virgilia, 6",531,23,16,-3.6450741,40.4768782,"(-3.6450741, 40.4768782)"
568,"Paseo de la Castellana nº 122,",9,14,2224,2,150 - Castellana frente a Hermanos Pinzón,150,23,05,-3.6908,40.4491,"(-3.6908, 40.4491)"
569,"Paseo de la Castellana esquina calle Raimundo Fernández Villaverde,",4,19,1544,0,138 - Paseo de la Castellana con Raimundo Fer,138,23,07,-3.6914063,40.4457414,"(-3.6914063, 40.4457414)"
570,"Plaza de San Juan de la Cruz nº 11,",3,20,1541,0,135 - Plaza de San Juan de la Cruz,135,23,07,-3.692734,40.441481,"(-3.692734, 40.441481)"
571,"Paseo de la Castellana nº 43,",2,10,1547,0,141 - Paseo de la Castellana - Glorieta de Em,141,12,07,-3.6893917,40.4354047,"(-3.6893917, 40.4354047)"
572,"Castellana 33,",14,9,1604,2,198 - Castellana 33,198,23,07,-3.6891,40.432,"(-3.6891, 40.432)"
573,"Plaza Cibeles,",20,4,1489,1,86 - Cibeles,86,24,01,-3.6933498,40.4186516,"(-3.6933498, 40.4186516)"
574,"Paseo de Recoletos nº 20,",12,11,1497,2,94 - Biblioteca Nacional,94,23,04,-3.690756,40.4232153,"(-3.690756, 40.4232153)"
575,"Calle Goya nº 1,",18,5,1496,1,93 - Plaza de Colón,93,23,04,-3.6893361690338167,40.42575853342561,"(-3.6893361690338167, 40.42575853342561)"
576,"Paseo de la Castellana nº 4,",10,13,1507,2,104 - Castellana,104,23,04,-3.68958,40.42677,"(-3.68958, 40.42677)"
577,"Paseo de la Castellana nº 42,",11,12,1548,2,142 - Castellana 42,142,23,04,-3.6879154,40.4334087,"(-3.6879154, 40.4334087)"
578,"Calle Carretas nº 8,",12,11,1437,2,33 - Carretas,33,23,01,-3.7033305,40.4165873,"(-3.7033305, 40.4165873)"
579,"Plaza del Carmen nº 1,",10,13,1460,2,56 - Plaza del Carmen ,56,23,01,-3.7032414,40.4184192,"(-3.7032414, 40.4184192)"
580,"Calle Tres Cruces nº 7,",12,15,1616,2,210 - Tres Cruces,210,27,01,-3.7027164,40.4196518,"(-3.7027164, 40.4196518)"
581,"Plaza de Jacinto Benavente,",11,13,1438,2,34 - Jacinto Benavente,34,24,01,-3.7036825,40.4146755,"(-3.7036825, 40.4146755)"
582,"Plaza de la Provincia nº 1,",16,2,1436,1,32 - Plaza de la Provincia,32,18,01,-3.7061032,40.4150099,"(-3.7061032, 40.4150099)"
583,"Calle Mayor nº 20,",18,9,1435,2,31 - Calle Mayor,31,27,01,-3.7068969,40.4163638,"(-3.7068969, 40.4163638)"
584,"Plaza de Celenque nº 1,",6,18,1428,0,25a - Plaza de Celenque A,25a,24,01,-3.7057791,40.4173703,"(-3.7057791, 40.4173703)"
585,"Plaza de Celenque nº 1,",20,4,1429,1,25b - Plaza de Celenque B,25b,24,01,-3.7058976,40.4173687,"(-3.7058976, 40.4173687)"
586,"Calle León Gil de Palacio nº 3,",15,9,1584,2,178 - Junta Municipal Retiro,178,24,03,-3.6788343,40.4029202,"(-3.6788343, 40.4029202)"
587,"Calle San Modesto, 42,",14,10,2312,2,"598 - Calle San Modesto, 42",598,24,08,-3.6923396,40.4858012,"(-3.6923396, 40.4858012)"
588,"Calle San Restituto, 74,",7,17,2084,0,"307 - Calle San Restituto, 74",307,24,09,-3.71693008,40.46588016,"(-3.71693008, 40.46588016)"
589,"Calle Serrano Galvache,",3,20,2021,0,486 - Calle Serrano Galvache,486,23,15,-3.6679379,40.471382,"(-3.6679379, 40.471382)"
590,"Paseo de la Habana nº 63,",6,16,1565,0,159 - Paseo de la Habana 63,159,23,05,-3.6835926,40.4543852,"(-3.6835926, 40.4543852)"
591,"Paseo de Moret nº 2,",11,12,1514,2,110 - Moncloa,110,23,09,-3.7201021,40.434745,"(-3.7201021, 40.434745)"
592,"Calle de la Carretera de Canillas, 40,",1,22,1968,0,"523 - Calle de la Carretera de Canillas, 40",523,23,16,-3.65089253,40.4628701,"(-3.65089253, 40.4628701)"
593,"Calle Maria Sevilla Diago, 3,",21,3,2094,1,"514 - Maria Sevilla Diago, 3",514,24,20,-3.61095077,40.43283006,"(-3.61095077, 40.43283006)"
594,"Plaza Mayor de Barajas, 24,",8,16,2282,2,"567 - Plaza Mayor de Barajas, 24",567,24,21,-3.5776537,40.4733252,"(-3.5776537, 40.4733252)"
595,"Calle José Antonio Novais frente al nº 12,",7,17,1666,0,260 - Facultad Biología,260,24,09,-3.7272945,40.4483322,"(-3.7272945, 40.4483322)"
596,"Calle Bustamante nº 1,",11,12,1578,2,172 - Delicias,172,23,02,-3.6934926,40.4008279,"(-3.6934926, 40.4008279)"
597,"Paseo de la Habana nº 42,",5,18,1555,0,149 - Paseo de la Habana 42,149,23,05,-3.6879303,40.4498515,"(-3.6879303, 40.4498515)"
598,"Calle María de las Mercedes de Borbón, 98,",9,14,2366,2,"611 - María de las Mercedes de Borbón, 98",611,23,16,-3.6121068531215528,40.490908297996654,"(-3.6121068531215528, 40.490908297996654)"
599,"Calle Charleroi,",18,6,2075,1,434 - Calle Charleroi,434,24,13,-3.63219372,40.38191654,"(-3.63219372, 40.38191654)"
600,"340 - Calle Illescas, 1C,",23,4,2334,1,"340 - Calle Illescas, 1C",340,27,10,-3.7656976,40.3970983,"(-3.7656976, 40.3970983)"
601,"Calle de Bohemios, 1,",5,19,2062,0,"399 - Calle de Bohemios, 1",399,24,17,-3.693901,40.356536,"(-3.693901, 40.356536)"
602,"Glorieta de Embajadores nº 2,",16,8,1452,2,48 - Embajadores 2,48,24,01,-3.7020566,40.4054815,"(-3.7020566, 40.4054815)"
603,"Calle Doce de Octubre nº 28,",17,6,1473,1,71 - Doce de Octubre,71,23,03,-3.6739,40.4161,"(-3.6739, 40.4161)"
604,"Calle Santa Hortensia nº 31,",1,22,1657,0,251 - Corazón de María,251,23,05,-3.66683,40.44421,"(-3.66683, 40.44421)"
605,"Avenida de la Albufera nº 6,",22,2,1585,1,179 - Puente de Vallecas,179,24,13,-3.6692724,40.3979273,"(-3.6692724, 40.3979273)"
606,"Calle Puerto Serrano, 1,",8,15,1986,2,"265 - Calle Puerto Serrano, 1",265,23,02,-3.688461,40.385412,"(-3.688461, 40.385412)"
607,"Adolfo Bioy Casares, 9,",14,13,2276,2,"447 - Calle de Adolfo Bioy Casares, 9",447,27,18,-3.5981935,40.3668504,"(-3.5981935, 40.3668504)"
608,"Calle Fernando el Católico nº 61,",16,11,1605,2,199 - Fernando el Católico,199,27,07,-3.7149166,40.4343611,"(-3.7149166, 40.4343611)"
609,"Calle San Bernardo nº 22,",9,10,1420,2,16 - San Bernardo,16,19,01,-3.7074808485065,40.4229374,"(-3.7074808485065, 40.4229374)"
610,"Calle Colombia nº 7,",3,21,1566,0,160 - Colombia,160,24,05,-3.6763439,40.4572466,"(-3.6763439, 40.4572466)"
611,"Calle Camino de los Vinateros nº 108,",2,16,1625,0,219 - Marroquina,219,18,14,-3.6467338,40.4083593,"(-3.6467338, 40.4083593)"
612,"Avenida Nuestra Señora de Fatima, 34,",8,15,2097,2,"360 - Avda. Nuestra Señora de Fatima, 34",360,23,11,-3.7470882,40.3840155,"(-3.7470882, 40.3840155)"
